10:14:57 [INFO] Logging to console (level=INFO) and to run_output\run.log (level=DEBUG)
10:14:57 [INFO] Starting browser (headless=False, user_data_dir=none (fresh in-memory profile), channel=bundled chromium)
10:15:07 [INFO] Browser started.
10:15:07 [INFO] === Starting run: 9 step(s) ===
10:15:07 [INFO] --- Step 1/9: login_linkedin ---
10:15:07 [DEBUG] Step 1 params: {'action': 'login_linkedin'}
10:15:07 [INFO] Checking whether we're already logged in...
10:15:09 [DEBUG] Landed on: https://www.linkedin.com/uas/login?session_redirect=https%3A%2F%2Fwww.linkedin.com%2Ffeed%2F
10:15:09 [ERROR] Step 1 FAILED after 1.88s [RuntimeError] Not logged in, and LINKEDIN_EMAIL / LINKEDIN_PASSWORD not found in environment. Check that your .env file exists, or log in manually once using the --user-data-dir profile.  (page was at: https://www.linkedin.com/uas/login?session_redirect=https%3A%2F%2Fwww.linkedin.com%2Ffeed%2F)
10:15:09 [DEBUG] Full traceback for step 1:
Traceback (most recent call last):
  File "D:\Projects\linkedin bot\main.py", line 458, in run_task_list
    result = fn(self, step)
  File "D:\Projects\linkedin bot\main.py", line 432, in <lambda>
    "login_linkedin": lambda self, s: self.login_linkedin(),
                                      ~~~~~~~~~~~~~~~~~~~^^
  File "D:\Projects\linkedin bot\main.py", line 356, in login_linkedin
    raise RuntimeError(
    ...<3 lines>...
    )
RuntimeError: Not logged in, and LINKEDIN_EMAIL / LINKEDIN_PASSWORD not found in environment. Check that your .env file exists, or log in manually once using the --user-data-dir profile.

10:15:10 [DEBUG] [browser console:warning] [GSI_LOGGER]: Your client application may not display the Google One Tap in its default position. When FedCM becomes mandatory, One Tap only displays in the default position. Refer to the migration guide to update your code accordingly and opt-in to FedCM to test your changes. Learn more: https://developers.google.com/identity/gsi/web/guides/fedcm-migration?s=dc#layout
10:15:10 [DEBUG] [browser console:warning] [GSI_LOGGER]: Your client application uses one of the Google One Tap prompt UI status methods that may stop functioning when FedCM becomes mandatory. Refer to the migration guide to update your code accordingly and opt-in to FedCM to test your changes. Learn more: https://developers.google.com/identity/gsi/web/guides/fedcm-migration?s=dc#display_moment and https://developers.google.com/identity/gsi/web/guides/fedcm-migration?s=dc#skipped_moment
10:15:10 [DEBUG] [browser console:warning] [GSI_LOGGER]: Currently, you disable FedCM on Google One Tap. FedCM for One Tap will become mandatory starting Oct 2024, and you won’t be able to disable it. Refer to the migration guide to update your code accordingly to ensure users will not be blocked from logging in. Learn more: https://developers.google.com/identity/gsi/web/guides/fedcm-migration
10:15:10 [DEBUG] [browser console:warning] [GSI_LOGGER]: Currently, you disable FedCM on Google One Tap. FedCM for One Tap will become mandatory starting Oct 2024, and you won’t be able to disable it. Refer to the migration guide to update your code accordingly to ensure users will not be blocked from logging in. Learn more: https://developers.google.com/identity/gsi/web/guides/fedcm-migration
10:15:10 [DEBUG] [browser console:warning] [GSI_LOGGER]: Your client application may not display the Google One Tap in its default position. When FedCM becomes mandatory, One Tap only displays in the default position. Refer to the migration guide to update your code accordingly and opt-in to FedCM to test your changes. Learn more: https://developers.google.com/identity/gsi/web/guides/fedcm-migration?s=dc#layout
10:15:10 [DEBUG] [browser console:warning] [GSI_LOGGER]: Your client application uses one of the Google One Tap prompt UI status methods that may stop functioning when FedCM becomes mandatory. Refer to the migration guide to update your code accordingly and opt-in to FedCM to test your changes. Learn more: https://developers.google.com/identity/gsi/web/guides/fedcm-migration?s=dc#display_moment and https://developers.google.com/identity/gsi/web/guides/fedcm-migration?s=dc#skipped_moment
10:15:10 [DEBUG] [browser console:warning] [GSI_LOGGER]: Currently, you disable FedCM on Google One Tap. FedCM for One Tap will become mandatory starting Oct 2024, and you won’t be able to disable it. Refer to the migration guide to update your code accordingly to ensure users will not be blocked from logging in. Learn more: https://developers.google.com/identity/gsi/web/guides/fedcm-migration
10:15:11 [DEBUG] Saved screenshot: run_output\screenshots\step_0_login_linkedin.png
10:15:11 [DEBUG] Requesting AI description of screenshot from Ollama...
10:15:32 [INFO] --- Step 2/9: pause_for_user ---
10:15:32 [DEBUG] Step 2 params: {'action': 'pause_for_user', 'message': 'If LinkedIn is showing a security check, CAPTCHA, or 2FA code prompt, solve it now in the browser window. Otherwise just press Enter to continue.'}
10:15:32 [INFO] PAUSED: If LinkedIn is showing a security check, CAPTCHA, or 2FA code prompt, solve it now in the browser window. Otherwise just press Enter to continue.
10:36:59 [INFO] Closing browser.
10:37:04 [INFO] Logging to console (level=INFO) and to run_output\run.log (level=DEBUG)
10:37:04 [INFO] Starting browser (headless=False, user_data_dir=none (fresh in-memory profile), channel=bundled chromium)
10:37:04 [INFO] Browser started.
10:37:04 [INFO] === Starting run: 9 step(s) ===
10:37:04 [INFO] --- Step 1/9: login_linkedin ---
10:37:04 [DEBUG] Step 1 params: {'action': 'login_linkedin'}
10:37:04 [INFO] Checking whether we're already logged in...
10:37:06 [DEBUG] Landed on: https://www.linkedin.com/uas/login?session_redirect=https%3A%2F%2Fwww.linkedin.com%2Ffeed%2F
10:37:06 [ERROR] Step 1 FAILED after 1.99s [RuntimeError] Not logged in, and LINKEDIN_EMAIL / LINKEDIN_PASSWORD not found in environment. Check that your .env file exists, or log in manually once using the --user-data-dir profile.  (page was at: https://www.linkedin.com/uas/login?session_redirect=https%3A%2F%2Fwww.linkedin.com%2Ffeed%2F)
10:37:06 [DEBUG] Full traceback for step 1:
Traceback (most recent call last):
  File "D:\Projects\linkedin bot\main.py", line 458, in run_task_list
    result = fn(self, step)
  File "D:\Projects\linkedin bot\main.py", line 432, in <lambda>
    "login_linkedin": lambda self, s: self.login_linkedin(),
                                      ~~~~~~~~~~~~~~~~~~~^^
  File "D:\Projects\linkedin bot\main.py", line 356, in login_linkedin
    raise RuntimeError(
    ...<3 lines>...
    )
RuntimeError: Not logged in, and LINKEDIN_EMAIL / LINKEDIN_PASSWORD not found in environment. Check that your .env file exists, or log in manually once using the --user-data-dir profile.

10:37:07 [DEBUG] Saved screenshot: run_output\screenshots\step_0_login_linkedin.png
10:37:07 [DEBUG] Requesting AI description of screenshot from Ollama...
10:37:17 [INFO] --- Step 2/9: pause_for_user ---
10:37:17 [DEBUG] Step 2 params: {'action': 'pause_for_user', 'message': 'If LinkedIn is showing a security check, CAPTCHA, or 2FA code prompt, solve it now in the browser window. Otherwise just press Enter to continue.'}
10:37:17 [INFO] PAUSED: If LinkedIn is showing a security check, CAPTCHA, or 2FA code prompt, solve it now in the browser window. Otherwise just press Enter to continue.
10:38:27 [INFO] Closing browser.
10:38:27 [DEBUG] [browser console:warning] [GSI_LOGGER]: Your client application may not display the Google One Tap in its default position. When FedCM becomes mandatory, One Tap only displays in the default position. Refer to the migration guide to update your code accordingly and opt-in to FedCM to test your changes. Learn more: https://developers.google.com/identity/gsi/web/guides/fedcm-migration?s=dc#layout
10:38:27 [DEBUG] [browser console:warning] [GSI_LOGGER]: Your client application uses one of the Google One Tap prompt UI status methods that may stop functioning when FedCM becomes mandatory. Refer to the migration guide to update your code accordingly and opt-in to FedCM to test your changes. Learn more: https://developers.google.com/identity/gsi/web/guides/fedcm-migration?s=dc#display_moment and https://developers.google.com/identity/gsi/web/guides/fedcm-migration?s=dc#skipped_moment
10:38:27 [DEBUG] [browser console:warning] [GSI_LOGGER]: Currently, you disable FedCM on Google One Tap. FedCM for One Tap will become mandatory starting Oct 2024, and you won’t be able to disable it. Refer to the migration guide to update your code accordingly to ensure users will not be blocked from logging in. Learn more: https://developers.google.com/identity/gsi/web/guides/fedcm-migration
10:38:27 [DEBUG] [browser console:warning] [GSI_LOGGER]: Your client application may not display the Google One Tap in its default position. When FedCM becomes mandatory, One Tap only displays in the default position. Refer to the migration guide to update your code accordingly and opt-in to FedCM to test your changes. Learn more: https://developers.google.com/identity/gsi/web/guides/fedcm-migration?s=dc#layout
10:38:27 [DEBUG] [browser console:warning] [GSI_LOGGER]: Your client application uses one of the Google One Tap prompt UI status methods that may stop functioning when FedCM becomes mandatory. Refer to the migration guide to update your code accordingly and opt-in to FedCM to test your changes. Learn more: https://developers.google.com/identity/gsi/web/guides/fedcm-migration?s=dc#display_moment and https://developers.google.com/identity/gsi/web/guides/fedcm-migration?s=dc#skipped_moment
10:38:27 [DEBUG] [browser console:warning] [GSI_LOGGER]: Currently, you disable FedCM on Google One Tap. FedCM for One Tap will become mandatory starting Oct 2024, and you won’t be able to disable it. Refer to the migration guide to update your code accordingly to ensure users will not be blocked from logging in. Learn more: https://developers.google.com/identity/gsi/web/guides/fedcm-migration
10:38:27 [DEBUG] [browser console:warning] [GSI_LOGGER]: Currently, you disable FedCM on Google One Tap. FedCM for One Tap will become mandatory starting Oct 2024, and you won’t be able to disable it. Refer to the migration guide to update your code accordingly to ensure users will not be blocked from logging in. Learn more: https://developers.google.com/identity/gsi/web/guides/fedcm-migration
10:38:27 [DEBUG] [browser console:warning] [GSI_LOGGER]: Your client application may not display the Google One Tap in its default position. When FedCM becomes mandatory, One Tap only displays in the default position. Refer to the migration guide to update your code accordingly and opt-in to FedCM to test your changes. Learn more: https://developers.google.com/identity/gsi/web/guides/fedcm-migration?s=dc#layout
10:38:27 [DEBUG] [browser console:warning] [GSI_LOGGER]: Your client application uses one of the Google One Tap prompt UI status methods that may stop functioning when FedCM becomes mandatory. Refer to the migration guide to update your code accordingly and opt-in to FedCM to test your changes. Learn more: https://developers.google.com/identity/gsi/web/guides/fedcm-migration?s=dc#display_moment and https://developers.google.com/identity/gsi/web/guides/fedcm-migration?s=dc#skipped_moment
10:38:27 [DEBUG] [browser console:warning] [GSI_LOGGER]: Currently, you disable FedCM on Google One Tap. FedCM for One Tap will become mandatory starting Oct 2024, and you won’t be able to disable it. Refer to the migration guide to update your code accordingly to ensure users will not be blocked from logging in. Learn more: https://developers.google.com/identity/gsi/web/guides/fedcm-migration
10:38:27 [DEBUG] [browser console:warning] [GSI_LOGGER]: Currently, you disable FedCM on Google One Tap. FedCM for One Tap will become mandatory starting Oct 2024, and you won’t be able to disable it. Refer to the migration guide to update your code accordingly to ensure users will not be blocked from logging in. Learn more: https://developers.google.com/identity/gsi/web/guides/fedcm-migration
10:38:27 [DEBUG] [browser console:warning] [GSI_LOGGER]: Currently, you disable FedCM on Google One Tap. FedCM for One Tap will become mandatory starting Oct 2024, and you won’t be able to disable it. Refer to the migration guide to update your code accordingly to ensure users will not be blocked from logging in. Learn more: https://developers.google.com/identity/gsi/web/guides/fedcm-migration
10:38:27 [DEBUG] [browser console:warning] <link rel=preload> must have a valid `as` value
10:38:27 [DEBUG] [browser console:warning] <link rel=preload> must have a valid `as` value
10:38:27 [DEBUG] [browser console:error] Failed to load resource: the server responded with a status of 400 ()
10:38:27 [DEBUG] [browser console:error] XMLHttpRequest
10:41:12 [INFO] Logging to console (level=INFO) and to run_output\run.log (level=DEBUG)
10:41:12 [INFO] Starting browser (headless=False, user_data_dir=none (fresh in-memory profile), channel=bundled chromium)
10:41:13 [INFO] Browser started.
10:41:13 [INFO] === Starting run: 9 step(s) ===
10:41:13 [INFO] --- Step 1/9: login_linkedin ---
10:41:13 [DEBUG] Step 1 params: {'action': 'login_linkedin'}
10:41:13 [INFO] Checking whether we're already logged in...
10:41:15 [DEBUG] Landed on: https://www.linkedin.com/uas/login?session_redirect=https%3A%2F%2Fwww.linkedin.com%2Ffeed%2F
10:41:15 [ERROR] Step 1 FAILED after 1.87s [RuntimeError] Not logged in, and LINKEDIN_EMAIL / LINKEDIN_PASSWORD not found in environment. Check that your .env file exists, or log in manually once using the --user-data-dir profile.  (page was at: https://www.linkedin.com/uas/login?session_redirect=https%3A%2F%2Fwww.linkedin.com%2Ffeed%2F)
10:41:15 [DEBUG] Full traceback for step 1:
Traceback (most recent call last):
  File "D:\Projects\linkedin bot\main.py", line 458, in run_task_list
    result = fn(self, step)
  File "D:\Projects\linkedin bot\main.py", line 432, in <lambda>
    "login_linkedin": lambda self, s: self.login_linkedin(),
                                      ~~~~~~~~~~~~~~~~~~~^^
  File "D:\Projects\linkedin bot\main.py", line 356, in login_linkedin
    raise RuntimeError(
    ...<3 lines>...
    )
RuntimeError: Not logged in, and LINKEDIN_EMAIL / LINKEDIN_PASSWORD not found in environment. Check that your .env file exists, or log in manually once using the --user-data-dir profile.

10:41:15 [DEBUG] Saved screenshot: run_output\screenshots\step_0_login_linkedin.png
10:41:15 [DEBUG] Requesting AI description of screenshot from Ollama...
10:41:19 [INFO] --- Step 2/9: pause_for_user ---
10:41:19 [DEBUG] Step 2 params: {'action': 'pause_for_user', 'message': 'If LinkedIn is showing a security check, CAPTCHA, or 2FA code prompt, solve it now in the browser window. Otherwise just press Enter to continue.'}
10:41:19 [INFO] PAUSED: If LinkedIn is showing a security check, CAPTCHA, or 2FA code prompt, solve it now in the browser window. Otherwise just press Enter to continue.
10:48:09 [INFO] Resumed by user.
10:48:09 [INFO] Step 2 OK (409.31s) -- now at https://www.linkedin.com/uas/login?session_redirect=https%3A%2F%2Fwww.linkedin.com%2Ffeed%2F
10:48:09 [DEBUG] [browser console:warning] [GSI_LOGGER]: Your client application may not display the Google One Tap in its default position. When FedCM becomes mandatory, One Tap only displays in the default position. Refer to the migration guide to update your code accordingly and opt-in to FedCM to test your changes. Learn more: https://developers.google.com/identity/gsi/web/guides/fedcm-migration?s=dc#layout
10:48:09 [DEBUG] [browser console:warning] [GSI_LOGGER]: Your client application uses one of the Google One Tap prompt UI status methods that may stop functioning when FedCM becomes mandatory. Refer to the migration guide to update your code accordingly and opt-in to FedCM to test your changes. Learn more: https://developers.google.com/identity/gsi/web/guides/fedcm-migration?s=dc#display_moment and https://developers.google.com/identity/gsi/web/guides/fedcm-migration?s=dc#skipped_moment
10:48:09 [DEBUG] [browser console:warning] [GSI_LOGGER]: Currently, you disable FedCM on Google One Tap. FedCM for One Tap will become mandatory starting Oct 2024, and you won’t be able to disable it. Refer to the migration guide to update your code accordingly to ensure users will not be blocked from logging in. Learn more: https://developers.google.com/identity/gsi/web/guides/fedcm-migration
10:48:09 [DEBUG] [browser console:warning] [GSI_LOGGER]: Currently, you disable FedCM on Google One Tap. FedCM for One Tap will become mandatory starting Oct 2024, and you won’t be able to disable it. Refer to the migration guide to update your code accordingly to ensure users will not be blocked from logging in. Learn more: https://developers.google.com/identity/gsi/web/guides/fedcm-migration
10:48:09 [DEBUG] [browser console:warning] [GSI_LOGGER]: Your client application may not display the Google One Tap in its default position. When FedCM becomes mandatory, One Tap only displays in the default position. Refer to the migration guide to update your code accordingly and opt-in to FedCM to test your changes. Learn more: https://developers.google.com/identity/gsi/web/guides/fedcm-migration?s=dc#layout
10:48:09 [DEBUG] [browser console:warning] [GSI_LOGGER]: Your client application uses one of the Google One Tap prompt UI status methods that may stop functioning when FedCM becomes mandatory. Refer to the migration guide to update your code accordingly and opt-in to FedCM to test your changes. Learn more: https://developers.google.com/identity/gsi/web/guides/fedcm-migration?s=dc#display_moment and https://developers.google.com/identity/gsi/web/guides/fedcm-migration?s=dc#skipped_moment
10:48:09 [DEBUG] [browser console:warning] [GSI_LOGGER]: Currently, you disable FedCM on Google One Tap. FedCM for One Tap will become mandatory starting Oct 2024, and you won’t be able to disable it. Refer to the migration guide to update your code accordingly to ensure users will not be blocked from logging in. Learn more: https://developers.google.com/identity/gsi/web/guides/fedcm-migration
10:48:09 [DEBUG] [browser console:warning] [GSI_LOGGER]: Your client application may not display the Google One Tap in its default position. When FedCM becomes mandatory, One Tap only displays in the default position. Refer to the migration guide to update your code accordingly and opt-in to FedCM to test your changes. Learn more: https://developers.google.com/identity/gsi/web/guides/fedcm-migration?s=dc#layout
10:48:09 [DEBUG] [browser console:warning] [GSI_LOGGER]: Your client application uses one of the Google One Tap prompt UI status methods that may stop functioning when FedCM becomes mandatory. Refer to the migration guide to update your code accordingly and opt-in to FedCM to test your changes. Learn more: https://developers.google.com/identity/gsi/web/guides/fedcm-migration?s=dc#display_moment and https://developers.google.com/identity/gsi/web/guides/fedcm-migration?s=dc#skipped_moment
10:48:09 [DEBUG] [browser console:warning] [GSI_LOGGER]: Currently, you disable FedCM on Google One Tap. FedCM for One Tap will become mandatory starting Oct 2024, and you won’t be able to disable it. Refer to the migration guide to update your code accordingly to ensure users will not be blocked from logging in. Learn more: https://developers.google.com/identity/gsi/web/guides/fedcm-migration
10:48:09 [DEBUG] [browser console:warning] [GSI_LOGGER]: Currently, you disable FedCM on Google One Tap. FedCM for One Tap will become mandatory starting Oct 2024, and you won’t be able to disable it. Refer to the migration guide to update your code accordingly to ensure users will not be blocked from logging in. Learn more: https://developers.google.com/identity/gsi/web/guides/fedcm-migration
10:48:09 [DEBUG] [browser console:warning] [GSI_LOGGER]: Currently, you disable FedCM on Google One Tap. FedCM for One Tap will become mandatory starting Oct 2024, and you won’t be able to disable it. Refer to the migration guide to update your code accordingly to ensure users will not be blocked from logging in. Learn more: https://developers.google.com/identity/gsi/web/guides/fedcm-migration
10:48:09 [DEBUG] [browser console:warning] [GSI_LOGGER]: Your client application may not display the Google One Tap in its default position. When FedCM becomes mandatory, One Tap only displays in the default position. Refer to the migration guide to update your code accordingly and opt-in to FedCM to test your changes. Learn more: https://developers.google.com/identity/gsi/web/guides/fedcm-migration?s=dc#layout
10:48:09 [DEBUG] [browser console:warning] [GSI_LOGGER]: Your client application uses one of the Google One Tap prompt UI status methods that may stop functioning when FedCM becomes mandatory. Refer to the migration guide to update your code accordingly and opt-in to FedCM to test your changes. Learn more: https://developers.google.com/identity/gsi/web/guides/fedcm-migration?s=dc#display_moment and https://developers.google.com/identity/gsi/web/guides/fedcm-migration?s=dc#skipped_moment
10:48:09 [DEBUG] [browser console:warning] [GSI_LOGGER]: Currently, you disable FedCM on Google One Tap. FedCM for One Tap will become mandatory starting Oct 2024, and you won’t be able to disable it. Refer to the migration guide to update your code accordingly to ensure users will not be blocked from logging in. Learn more: https://developers.google.com/identity/gsi/web/guides/fedcm-migration
10:48:09 [DEBUG] [browser console:warning] [GSI_LOGGER]: Currently, you disable FedCM on Google One Tap. FedCM for One Tap will become mandatory starting Oct 2024, and you won’t be able to disable it. Refer to the migration guide to update your code accordingly to ensure users will not be blocked from logging in. Learn more: https://developers.google.com/identity/gsi/web/guides/fedcm-migration
10:48:09 [DEBUG] [browser console:warning] [GSI_LOGGER]: Currently, you disable FedCM on Google One Tap. FedCM for One Tap will become mandatory starting Oct 2024, and you won’t be able to disable it. Refer to the migration guide to update your code accordingly to ensure users will not be blocked from logging in. Learn more: https://developers.google.com/identity/gsi/web/guides/fedcm-migration
10:48:09 [DEBUG] [browser console:warning] [GSI_LOGGER]: Your client application may not display the Google One Tap in its default position. When FedCM becomes mandatory, One Tap only displays in the default position. Refer to the migration guide to update your code accordingly and opt-in to FedCM to test your changes. Learn more: https://developers.google.com/identity/gsi/web/guides/fedcm-migration?s=dc#layout
10:48:09 [DEBUG] [browser console:warning] [GSI_LOGGER]: Your client application uses one of the Google One Tap prompt UI status methods that may stop functioning when FedCM becomes mandatory. Refer to the migration guide to update your code accordingly and opt-in to FedCM to test your changes. Learn more: https://developers.google.com/identity/gsi/web/guides/fedcm-migration?s=dc#display_moment and https://developers.google.com/identity/gsi/web/guides/fedcm-migration?s=dc#skipped_moment
10:48:09 [DEBUG] [browser console:warning] [GSI_LOGGER]: Currently, you disable FedCM on Google One Tap. FedCM for One Tap will become mandatory starting Oct 2024, and you won’t be able to disable it. Refer to the migration guide to update your code accordingly to ensure users will not be blocked from logging in. Learn more: https://developers.google.com/identity/gsi/web/guides/fedcm-migration
10:48:09 [DEBUG] [browser console:warning] [GSI_LOGGER]: Currently, you disable FedCM on Google One Tap. FedCM for One Tap will become mandatory starting Oct 2024, and you won’t be able to disable it. Refer to the migration guide to update your code accordingly to ensure users will not be blocked from logging in. Learn more: https://developers.google.com/identity/gsi/web/guides/fedcm-migration
10:48:09 [DEBUG] [browser console:warning] [GSI_LOGGER]: Currently, you disable FedCM on Google One Tap. FedCM for One Tap will become mandatory starting Oct 2024, and you won’t be able to disable it. Refer to the migration guide to update your code accordingly to ensure users will not be blocked from logging in. Learn more: https://developers.google.com/identity/gsi/web/guides/fedcm-migration
10:48:09 [DEBUG] [browser console:warning] <link rel=preload> must have a valid `as` value
10:48:09 [DEBUG] [browser console:warning] <link rel=preload> must have a valid `as` value
10:48:09 [DEBUG] [browser console:error] Failed to load resource: the server responded with a status of 400 ()
10:48:09 [DEBUG] [browser console:error] XMLHttpRequest
10:48:09 [DEBUG] [browser page error] Minified React error #418; visit https://react.dev/errors/418?args[]= for the full message or use the non-minified dev environment for full errors and additional helpful warnings.
10:48:09 [DEBUG] [browser console:warning] Attribute 'exception.tags' of type 'object' could not be converted to a proto attribute.
10:48:09 [DEBUG] [browser console:warning] Attribute 'exception.tags' of type 'object' could not be converted to a proto attribute.
10:48:09 [DEBUG] [browser console:warning] Attribute 'exception.tags' of type 'object' could not be converted to a proto attribute.
10:48:09 [DEBUG] [browser console:warning] Attribute 'exception.tags' of type 'object' could not be converted to a proto attribute.
10:48:09 [DEBUG] [browser console:warning] VIDEOJS: WARN: Using the tech directly can be dangerous. I hope you know what you're doing.
See https://github.com/videojs/video.js/issues/2617 for more info.

10:48:09 [DEBUG] [browser console:error] Failed to load resource: net::ERR_BLOCKED_BY_CLIENT
10:48:09 [DEBUG] [browser console:error] Failed to load resource: net::ERR_BLOCKED_BY_CLIENT
10:48:09 [DEBUG] [browser console:error] Failed to load resource: net::ERR_BLOCKED_BY_CLIENT
10:48:09 [DEBUG] [browser console:error] Failed to load resource: net::ERR_BLOCKED_BY_CLIENT
10:48:09 [DEBUG] [browser console:error] Failed to load resource: net::ERR_BLOCKED_BY_CLIENT
10:48:09 [DEBUG] [browser console:error] Failed to load resource: net::ERR_BLOCKED_BY_CLIENT
10:48:09 [DEBUG] [browser console:error] Failed to load resource: net::ERR_BLOCKED_BY_CLIENT
10:48:09 [DEBUG] [browser console:error] Failed to load resource: net::ERR_BLOCKED_BY_CLIENT
10:48:09 [DEBUG] [browser console:error] Failed to load resource: net::ERR_BLOCKED_BY_CLIENT
10:48:09 [DEBUG] [browser console:error] Failed to load resource: net::ERR_BLOCKED_BY_CLIENT
10:48:09 [DEBUG] [browser console:error] Failed to load resource: net::ERR_BLOCKED_BY_CLIENT
10:48:09 [DEBUG] [browser console:error] Failed to load resource: net::ERR_BLOCKED_BY_CLIENT
10:48:09 [DEBUG] [browser console:error] Failed to load resource: net::ERR_BLOCKED_BY_CLIENT
10:48:09 [DEBUG] [browser console:error] Failed to load resource: net::ERR_BLOCKED_BY_CLIENT
10:48:09 [DEBUG] [browser console:error] Failed to load resource: net::ERR_BLOCKED_BY_CLIENT
10:48:09 [DEBUG] [browser console:error] Failed to load resource: net::ERR_BLOCKED_BY_CLIENT
10:48:09 [DEBUG] [browser console:error] Failed to load resource: net::ERR_BLOCKED_BY_CLIENT
10:48:09 [DEBUG] [browser console:error] Failed to load resource: net::ERR_BLOCKED_BY_CLIENT
10:48:09 [DEBUG] [browser console:error] Failed to load resource: net::ERR_BLOCKED_BY_CLIENT
10:48:09 [DEBUG] [browser console:error] Failed to load resource: net::ERR_BLOCKED_BY_CLIENT
10:48:09 [DEBUG] [browser console:error] Failed to load resource: net::ERR_BLOCKED_BY_CLIENT
10:48:09 [DEBUG] [browser console:error] Failed to load resource: net::ERR_BLOCKED_BY_CLIENT
10:48:09 [DEBUG] [browser console:error] Failed to load resource: net::ERR_BLOCKED_BY_CLIENT
10:48:09 [DEBUG] [browser console:error] Failed to load resource: net::ERR_BLOCKED_BY_CLIENT
10:48:09 [DEBUG] [browser console:error] Failed to load resource: net::ERR_BLOCKED_BY_CLIENT
10:48:09 [DEBUG] [browser console:error] Failed to load resource: net::ERR_BLOCKED_BY_CLIENT
10:48:09 [DEBUG] [browser console:error] Failed to load resource: net::ERR_BLOCKED_BY_CLIENT
10:48:09 [DEBUG] [browser console:error] Failed to load resource: net::ERR_BLOCKED_BY_CLIENT
10:48:09 [DEBUG] [browser console:error] Failed to load resource: net::ERR_BLOCKED_BY_CLIENT
10:48:09 [DEBUG] [browser console:error] Failed to load resource: net::ERR_BLOCKED_BY_CLIENT
10:48:09 [DEBUG] [browser console:error] Failed to load resource: net::ERR_BLOCKED_BY_CLIENT
10:48:09 [DEBUG] [browser console:error] Failed to load resource: net::ERR_BLOCKED_BY_CLIENT
10:48:09 [DEBUG] [browser console:error] Failed to load resource: net::ERR_BLOCKED_BY_CLIENT
10:48:09 [DEBUG] [browser console:error] Failed to load resource: net::ERR_BLOCKED_BY_CLIENT
10:48:09 [DEBUG] [browser console:error] Failed to load resource: net::ERR_BLOCKED_BY_CLIENT
10:48:09 [DEBUG] [browser console:error] Failed to load resource: net::ERR_BLOCKED_BY_CLIENT
10:48:09 [DEBUG] [browser console:error] Failed to load resource: net::ERR_BLOCKED_BY_CLIENT
10:48:09 [DEBUG] [browser console:error] Failed to load resource: net::ERR_BLOCKED_BY_CLIENT
10:48:09 [DEBUG] [browser console:error] Failed to load resource: net::ERR_BLOCKED_BY_CLIENT
10:48:09 [DEBUG] [browser console:error] Failed to load resource: net::ERR_BLOCKED_BY_CLIENT
10:48:09 [DEBUG] [browser console:error] Failed to load resource: net::ERR_BLOCKED_BY_CLIENT
10:48:09 [DEBUG] [browser console:error] Failed to load resource: net::ERR_BLOCKED_BY_CLIENT
10:48:09 [DEBUG] [browser console:error] Failed to load resource: net::ERR_BLOCKED_BY_CLIENT
10:48:09 [DEBUG] [browser console:error] Failed to load resource: net::ERR_BLOCKED_BY_CLIENT
10:48:09 [DEBUG] [browser console:error] Failed to load resource: net::ERR_BLOCKED_BY_CLIENT
10:48:09 [DEBUG] [browser console:error] Failed to load resource: net::ERR_BLOCKED_BY_CLIENT
10:48:09 [DEBUG] [browser console:error] Failed to load resource: net::ERR_BLOCKED_BY_CLIENT
10:48:09 [DEBUG] [browser console:error] Failed to load resource: net::ERR_BLOCKED_BY_CLIENT
10:48:09 [DEBUG] [browser console:error] Failed to load resource: net::ERR_BLOCKED_BY_CLIENT
10:48:09 [DEBUG] [browser console:error] Failed to load resource: net::ERR_BLOCKED_BY_CLIENT
10:48:09 [DEBUG] [browser console:error] Failed to load resource: net::ERR_BLOCKED_BY_CLIENT
10:48:09 [DEBUG] [browser console:error] Failed to load resource: net::ERR_BLOCKED_BY_CLIENT
10:48:09 [DEBUG] [browser console:error] Failed to load resource: net::ERR_BLOCKED_BY_CLIENT
10:48:09 [DEBUG] [browser console:error] Failed to load resource: net::ERR_BLOCKED_BY_CLIENT
10:48:09 [DEBUG] [browser console:error] Failed to load resource: net::ERR_BLOCKED_BY_CLIENT
10:48:09 [DEBUG] [browser console:error] Failed to load resource: net::ERR_BLOCKED_BY_CLIENT
10:48:09 [DEBUG] [browser console:error] Failed to load resource: net::ERR_BLOCKED_BY_CLIENT
10:48:09 [DEBUG] [browser console:error] Failed to load resource: net::ERR_BLOCKED_BY_CLIENT
10:48:09 [DEBUG] [browser console:error] Failed to load resource: net::ERR_BLOCKED_BY_CLIENT
10:48:09 [DEBUG] [browser console:error] Failed to load resource: net::ERR_BLOCKED_BY_CLIENT
10:48:09 [DEBUG] [browser console:error] Failed to load resource: net::ERR_BLOCKED_BY_CLIENT
10:48:09 [DEBUG] [browser console:error] Failed to load resource: net::ERR_BLOCKED_BY_CLIENT
10:48:09 [DEBUG] [browser console:error] Failed to load resource: net::ERR_BLOCKED_BY_CLIENT
10:48:09 [DEBUG] [browser console:error] Failed to load resource: net::ERR_BLOCKED_BY_CLIENT
10:48:09 [DEBUG] [browser console:error] Failed to load resource: net::ERR_BLOCKED_BY_CLIENT
10:48:09 [DEBUG] [browser console:error] Failed to load resource: net::ERR_BLOCKED_BY_CLIENT
10:48:09 [DEBUG] [browser console:error] Failed to load resource: net::ERR_BLOCKED_BY_CLIENT
10:48:09 [DEBUG] [browser console:error] Failed to load resource: net::ERR_BLOCKED_BY_CLIENT
10:48:09 [DEBUG] [browser console:error] Failed to load resource: net::ERR_BLOCKED_BY_CLIENT
10:48:09 [DEBUG] [browser console:error] Failed to load resource: net::ERR_BLOCKED_BY_CLIENT
10:48:09 [DEBUG] [browser console:error] Failed to load resource: net::ERR_BLOCKED_BY_CLIENT
10:48:09 [DEBUG] [browser console:error] Failed to load resource: net::ERR_BLOCKED_BY_CLIENT
10:48:09 [DEBUG] [browser console:error] Failed to load resource: net::ERR_BLOCKED_BY_CLIENT
10:48:09 [DEBUG] [browser console:error] Failed to load resource: net::ERR_BLOCKED_BY_CLIENT
10:48:09 [DEBUG] [browser console:error] Failed to load resource: net::ERR_BLOCKED_BY_CLIENT
10:48:09 [DEBUG] [browser console:error] Failed to load resource: net::ERR_BLOCKED_BY_CLIENT
10:48:09 [DEBUG] [browser console:error] Failed to load resource: net::ERR_BLOCKED_BY_CLIENT
10:48:09 [DEBUG] [browser console:error] Failed to load resource: net::ERR_BLOCKED_BY_CLIENT
10:48:09 [DEBUG] [browser console:error] Failed to load resource: net::ERR_BLOCKED_BY_CLIENT
10:48:09 [DEBUG] [browser console:error] Failed to load resource: net::ERR_BLOCKED_BY_CLIENT
10:48:09 [DEBUG] [browser console:error] Failed to load resource: net::ERR_BLOCKED_BY_CLIENT
10:48:09 [DEBUG] [browser console:error] Failed to load resource: net::ERR_BLOCKED_BY_CLIENT
10:48:09 [DEBUG] [browser console:error] Failed to load resource: net::ERR_BLOCKED_BY_CLIENT
10:48:09 [DEBUG] [browser console:error] Failed to load resource: net::ERR_BLOCKED_BY_CLIENT
10:48:09 [DEBUG] [browser console:error] Failed to load resource: net::ERR_BLOCKED_BY_CLIENT
10:48:09 [DEBUG] [browser console:error] Failed to load resource: net::ERR_BLOCKED_BY_CLIENT
10:48:09 [DEBUG] [browser console:error] Failed to load resource: net::ERR_BLOCKED_BY_CLIENT
10:48:09 [DEBUG] [browser console:error] Failed to load resource: net::ERR_BLOCKED_BY_CLIENT
10:48:09 [DEBUG] [browser console:error] Failed to load resource: net::ERR_BLOCKED_BY_CLIENT
10:48:09 [DEBUG] [browser console:error] Failed to load resource: net::ERR_BLOCKED_BY_CLIENT
10:48:09 [DEBUG] [browser console:error] Failed to load resource: net::ERR_BLOCKED_BY_CLIENT
10:48:09 [DEBUG] [browser console:error] Failed to load resource: net::ERR_BLOCKED_BY_CLIENT
10:48:09 [DEBUG] [browser console:error] Failed to load resource: net::ERR_BLOCKED_BY_CLIENT
10:48:09 [DEBUG] [browser console:error] Failed to load resource: net::ERR_BLOCKED_BY_CLIENT
10:48:09 [DEBUG] [browser console:error] Failed to load resource: net::ERR_BLOCKED_BY_CLIENT
10:48:09 [DEBUG] [browser console:error] Failed to load resource: net::ERR_BLOCKED_BY_CLIENT
10:48:09 [DEBUG] [browser console:error] Failed to load resource: net::ERR_BLOCKED_BY_CLIENT
10:48:09 [DEBUG] [browser console:error] Failed to load resource: net::ERR_BLOCKED_BY_CLIENT
10:48:09 [DEBUG] [browser console:error] Failed to load resource: net::ERR_BLOCKED_BY_CLIENT
10:48:09 [DEBUG] [browser console:error] Failed to load resource: net::ERR_BLOCKED_BY_CLIENT
10:48:09 [DEBUG] [browser console:error] Failed to load resource: net::ERR_BLOCKED_BY_CLIENT
10:48:09 [DEBUG] [browser console:error] Failed to load resource: net::ERR_BLOCKED_BY_CLIENT
10:48:09 [DEBUG] [browser console:error] Failed to load resource: net::ERR_BLOCKED_BY_CLIENT
10:48:09 [DEBUG] [browser console:error] Failed to load resource: net::ERR_BLOCKED_BY_CLIENT
10:48:09 [DEBUG] [browser console:error] Failed to load resource: net::ERR_BLOCKED_BY_CLIENT
10:48:09 [DEBUG] [browser console:error] Failed to load resource: net::ERR_BLOCKED_BY_CLIENT
10:48:09 [DEBUG] [browser console:error] Failed to load resource: net::ERR_BLOCKED_BY_CLIENT
10:48:09 [DEBUG] [browser console:error] Failed to load resource: net::ERR_BLOCKED_BY_CLIENT
10:48:09 [DEBUG] [browser console:error] Failed to load resource: net::ERR_BLOCKED_BY_CLIENT
10:48:09 [DEBUG] [browser console:error] Failed to load resource: net::ERR_BLOCKED_BY_CLIENT
10:48:09 [DEBUG] [browser console:error] Failed to load resource: net::ERR_BLOCKED_BY_CLIENT
10:48:09 [DEBUG] [browser console:error] Failed to load resource: net::ERR_BLOCKED_BY_CLIENT
10:48:09 [DEBUG] [browser console:error] Failed to load resource: net::ERR_BLOCKED_BY_CLIENT
10:48:09 [DEBUG] [browser console:error] Failed to load resource: net::ERR_BLOCKED_BY_CLIENT
10:48:09 [DEBUG] [browser console:error] Failed to load resource: net::ERR_BLOCKED_BY_CLIENT
10:48:09 [DEBUG] [browser console:error] Failed to load resource: net::ERR_BLOCKED_BY_CLIENT
10:48:09 [DEBUG] [browser console:error] Failed to load resource: net::ERR_BLOCKED_BY_CLIENT
10:48:09 [DEBUG] [browser console:error] Failed to load resource: net::ERR_BLOCKED_BY_CLIENT
10:48:09 [DEBUG] [browser console:error] Failed to load resource: net::ERR_BLOCKED_BY_CLIENT
10:48:09 [DEBUG] [browser console:error] Failed to load resource: net::ERR_BLOCKED_BY_CLIENT
10:48:09 [DEBUG] [browser console:error] Failed to load resource: net::ERR_BLOCKED_BY_CLIENT
10:48:09 [DEBUG] [browser console:error] Failed to load resource: net::ERR_BLOCKED_BY_CLIENT
10:48:09 [DEBUG] [browser console:error] Failed to load resource: net::ERR_BLOCKED_BY_CLIENT
10:48:09 [DEBUG] [browser console:error] Failed to load resource: net::ERR_BLOCKED_BY_CLIENT
10:48:09 [DEBUG] [browser console:error] Failed to load resource: net::ERR_BLOCKED_BY_CLIENT
10:48:09 [DEBUG] [browser console:error] Failed to load resource: net::ERR_BLOCKED_BY_CLIENT
10:48:09 [DEBUG] [browser console:error] Failed to load resource: net::ERR_BLOCKED_BY_CLIENT
10:48:09 [DEBUG] [browser console:error] Failed to load resource: net::ERR_BLOCKED_BY_CLIENT
10:48:09 [DEBUG] [browser console:error] Failed to load resource: net::ERR_BLOCKED_BY_CLIENT
10:48:09 [DEBUG] [browser console:error] Failed to load resource: net::ERR_BLOCKED_BY_CLIENT
10:48:09 [DEBUG] [browser console:error] Failed to load resource: net::ERR_BLOCKED_BY_CLIENT
10:48:09 [DEBUG] [browser console:error] Failed to load resource: net::ERR_BLOCKED_BY_CLIENT
10:48:09 [DEBUG] [browser console:error] Failed to load resource: net::ERR_BLOCKED_BY_CLIENT
10:48:09 [DEBUG] [browser console:error] Failed to load resource: net::ERR_BLOCKED_BY_CLIENT
10:48:09 [DEBUG] [browser console:error] Failed to load resource: net::ERR_BLOCKED_BY_CLIENT
10:48:09 [DEBUG] [browser console:error] Failed to load resource: net::ERR_BLOCKED_BY_CLIENT
10:48:09 [DEBUG] [browser console:error] Failed to load resource: net::ERR_BLOCKED_BY_CLIENT
10:48:09 [DEBUG] [browser console:error] Failed to load resource: net::ERR_BLOCKED_BY_CLIENT
10:48:09 [DEBUG] [browser console:error] Failed to load resource: net::ERR_BLOCKED_BY_CLIENT
10:48:09 [DEBUG] [browser console:error] Failed to load resource: net::ERR_BLOCKED_BY_CLIENT
10:48:09 [DEBUG] [browser console:error] Failed to load resource: net::ERR_BLOCKED_BY_CLIENT
10:48:09 [DEBUG] [browser console:error] Failed to load resource: net::ERR_BLOCKED_BY_CLIENT
10:48:09 [DEBUG] [browser console:error] Failed to load resource: net::ERR_BLOCKED_BY_CLIENT
10:48:09 [DEBUG] [browser console:error] Failed to load resource: net::ERR_BLOCKED_BY_CLIENT
10:48:09 [DEBUG] [browser console:error] Failed to load resource: net::ERR_BLOCKED_BY_CLIENT
10:48:09 [DEBUG] [browser console:error] Failed to load resource: net::ERR_BLOCKED_BY_CLIENT
10:48:09 [DEBUG] [browser console:error] Failed to load resource: net::ERR_BLOCKED_BY_CLIENT
10:48:09 [DEBUG] [browser console:error] Failed to load resource: net::ERR_BLOCKED_BY_CLIENT
10:48:09 [DEBUG] [browser console:error] Failed to load resource: net::ERR_BLOCKED_BY_CLIENT
10:48:09 [DEBUG] [browser console:error] Failed to load resource: net::ERR_BLOCKED_BY_CLIENT
10:48:09 [DEBUG] [browser console:error] Failed to load resource: net::ERR_BLOCKED_BY_CLIENT
10:48:09 [DEBUG] [browser console:error] Failed to load resource: net::ERR_BLOCKED_BY_CLIENT
10:48:09 [DEBUG] [browser console:error] Failed to load resource: net::ERR_BLOCKED_BY_CLIENT
10:48:09 [DEBUG] [browser console:error] Failed to load resource: net::ERR_BLOCKED_BY_CLIENT
10:48:09 [DEBUG] [browser console:error] Failed to load resource: net::ERR_BLOCKED_BY_CLIENT
10:48:09 [DEBUG] [browser console:error] Failed to load resource: net::ERR_BLOCKED_BY_CLIENT
10:48:09 [DEBUG] [browser console:error] Failed to load resource: net::ERR_BLOCKED_BY_CLIENT
10:48:09 [DEBUG] [browser console:error] Failed to load resource: net::ERR_BLOCKED_BY_CLIENT
10:48:09 [DEBUG] [browser console:error] Failed to load resource: net::ERR_BLOCKED_BY_CLIENT
10:48:09 [DEBUG] [browser console:error] Failed to load resource: net::ERR_BLOCKED_BY_CLIENT
10:48:09 [DEBUG] [browser console:error] Failed to load resource: net::ERR_BLOCKED_BY_CLIENT
10:48:09 [DEBUG] [browser console:error] Failed to load resource: net::ERR_BLOCKED_BY_CLIENT
10:48:09 [DEBUG] [browser console:error] Failed to load resource: net::ERR_BLOCKED_BY_CLIENT
10:48:09 [DEBUG] [browser console:error] Failed to load resource: net::ERR_BLOCKED_BY_CLIENT
10:48:09 [DEBUG] [browser console:error] Failed to load resource: net::ERR_BLOCKED_BY_CLIENT
10:48:09 [DEBUG] [browser console:error] Failed to load resource: net::ERR_BLOCKED_BY_CLIENT
10:48:09 [DEBUG] [browser console:error] Failed to load resource: net::ERR_BLOCKED_BY_CLIENT
10:48:09 [DEBUG] [browser console:error] Failed to load resource: net::ERR_BLOCKED_BY_CLIENT
10:48:09 [DEBUG] [browser console:error] Failed to load resource: net::ERR_BLOCKED_BY_CLIENT
10:48:09 [DEBUG] [browser console:error] Failed to load resource: net::ERR_BLOCKED_BY_CLIENT
10:48:09 [DEBUG] [browser console:error] Failed to load resource: net::ERR_BLOCKED_BY_CLIENT
10:48:09 [DEBUG] [browser console:error] Failed to load resource: net::ERR_BLOCKED_BY_CLIENT
10:48:09 [DEBUG] [browser console:error] Failed to load resource: net::ERR_BLOCKED_BY_CLIENT
10:48:09 [DEBUG] [browser console:error] Failed to load resource: net::ERR_BLOCKED_BY_CLIENT
10:48:09 [DEBUG] [browser console:error] Failed to load resource: net::ERR_BLOCKED_BY_CLIENT
10:48:09 [DEBUG] [browser console:error] Failed to load resource: net::ERR_BLOCKED_BY_CLIENT
10:48:09 [DEBUG] [browser console:error] Failed to load resource: net::ERR_BLOCKED_BY_CLIENT
10:48:09 [DEBUG] [browser console:error] Failed to load resource: net::ERR_BLOCKED_BY_CLIENT
10:48:09 [DEBUG] [browser console:error] Failed to load resource: net::ERR_BLOCKED_BY_CLIENT
10:48:09 [DEBUG] [browser console:error] Failed to load resource: net::ERR_BLOCKED_BY_CLIENT
10:48:09 [DEBUG] [browser console:error] Failed to load resource: net::ERR_BLOCKED_BY_CLIENT
10:48:09 [DEBUG] [browser console:error] Failed to load resource: net::ERR_BLOCKED_BY_CLIENT
10:48:09 [DEBUG] [browser console:error] Failed to load resource: net::ERR_BLOCKED_BY_CLIENT
10:48:09 [DEBUG] [browser console:error] Failed to load resource: net::ERR_BLOCKED_BY_CLIENT
10:48:09 [DEBUG] [browser console:error] Failed to load resource: net::ERR_BLOCKED_BY_CLIENT
10:48:09 [DEBUG] [browser console:error] Failed to load resource: net::ERR_BLOCKED_BY_CLIENT
10:48:09 [DEBUG] [browser console:error] Failed to load resource: net::ERR_BLOCKED_BY_CLIENT
10:48:09 [DEBUG] [browser console:error] Failed to load resource: net::ERR_BLOCKED_BY_CLIENT
10:48:09 [DEBUG] [browser console:error] Failed to load resource: net::ERR_BLOCKED_BY_CLIENT
10:48:09 [DEBUG] [browser console:error] Failed to load resource: net::ERR_BLOCKED_BY_CLIENT
10:48:09 [DEBUG] [browser console:error] Failed to load resource: net::ERR_BLOCKED_BY_CLIENT
10:48:09 [DEBUG] [browser console:error] Failed to load resource: net::ERR_BLOCKED_BY_CLIENT
10:48:09 [DEBUG] [browser console:error] Failed to load resource: net::ERR_BLOCKED_BY_CLIENT
10:48:09 [DEBUG] [browser console:error] Failed to load resource: net::ERR_BLOCKED_BY_CLIENT
10:48:09 [DEBUG] [browser console:error] Failed to load resource: net::ERR_BLOCKED_BY_CLIENT
10:48:09 [DEBUG] [browser console:error] Failed to load resource: net::ERR_BLOCKED_BY_CLIENT
10:48:09 [DEBUG] [browser console:error] Failed to load resource: net::ERR_BLOCKED_BY_CLIENT
10:48:09 [DEBUG] [browser console:error] Failed to load resource: net::ERR_BLOCKED_BY_CLIENT
10:48:09 [DEBUG] [browser console:error] Failed to load resource: net::ERR_BLOCKED_BY_CLIENT
10:48:09 [DEBUG] [browser console:error] Failed to load resource: net::ERR_BLOCKED_BY_CLIENT
10:48:09 [DEBUG] [browser console:error] Failed to load resource: net::ERR_BLOCKED_BY_CLIENT
10:48:09 [DEBUG] [browser console:error] Failed to load resource: net::ERR_BLOCKED_BY_CLIENT
10:48:09 [DEBUG] [browser console:error] Failed to load resource: net::ERR_BLOCKED_BY_CLIENT
10:48:09 [DEBUG] [browser console:error] Failed to load resource: net::ERR_BLOCKED_BY_CLIENT
10:48:09 [DEBUG] [browser console:error] Failed to load resource: net::ERR_BLOCKED_BY_CLIENT
10:48:09 [DEBUG] [browser console:error] Failed to load resource: net::ERR_BLOCKED_BY_CLIENT
10:48:09 [DEBUG] [browser console:error] Failed to load resource: net::ERR_BLOCKED_BY_CLIENT
10:48:09 [DEBUG] [browser console:error] Failed to load resource: net::ERR_BLOCKED_BY_CLIENT
10:48:09 [DEBUG] [browser console:error] Failed to load resource: net::ERR_BLOCKED_BY_CLIENT
10:48:09 [DEBUG] [browser console:error] Failed to load resource: net::ERR_BLOCKED_BY_CLIENT
10:48:09 [DEBUG] [browser console:error] Failed to load resource: net::ERR_BLOCKED_BY_CLIENT
10:48:09 [DEBUG] [browser console:error] Failed to load resource: net::ERR_BLOCKED_BY_CLIENT
10:48:09 [DEBUG] [browser console:error] Failed to load resource: net::ERR_BLOCKED_BY_CLIENT
10:48:09 [DEBUG] [browser console:error] Failed to load resource: net::ERR_BLOCKED_BY_CLIENT
10:48:09 [DEBUG] [browser console:error] Failed to load resource: net::ERR_BLOCKED_BY_CLIENT
10:48:09 [DEBUG] [browser console:error] Failed to load resource: net::ERR_BLOCKED_BY_CLIENT
10:48:09 [DEBUG] [browser console:error] Failed to load resource: net::ERR_BLOCKED_BY_CLIENT
10:48:09 [DEBUG] [browser console:error] Failed to load resource: net::ERR_BLOCKED_BY_CLIENT
10:48:09 [DEBUG] [browser console:error] Failed to load resource: net::ERR_BLOCKED_BY_CLIENT
10:48:09 [DEBUG] [browser console:error] Failed to load resource: net::ERR_BLOCKED_BY_CLIENT
10:48:09 [DEBUG] [browser console:error] Failed to load resource: net::ERR_BLOCKED_BY_CLIENT
10:48:09 [DEBUG] [browser console:error] Failed to load resource: net::ERR_BLOCKED_BY_CLIENT
10:48:09 [DEBUG] [browser console:error] Failed to load resource: net::ERR_BLOCKED_BY_CLIENT
10:48:09 [DEBUG] [browser console:error] Failed to load resource: net::ERR_BLOCKED_BY_CLIENT
10:48:09 [DEBUG] [browser console:error] Failed to load resource: net::ERR_BLOCKED_BY_CLIENT
10:48:09 [DEBUG] [browser console:error] Failed to load resource: net::ERR_BLOCKED_BY_CLIENT
10:48:09 [DEBUG] [browser console:error] Failed to load resource: net::ERR_BLOCKED_BY_CLIENT
10:48:09 [DEBUG] [browser console:error] Failed to load resource: net::ERR_BLOCKED_BY_CLIENT
10:48:09 [DEBUG] [browser console:error] Failed to load resource: net::ERR_BLOCKED_BY_CLIENT
10:48:09 [DEBUG] [browser console:error] Failed to load resource: net::ERR_BLOCKED_BY_CLIENT
10:48:09 [DEBUG] [browser console:error] Failed to load resource: net::ERR_BLOCKED_BY_CLIENT
10:48:09 [DEBUG] [browser console:error] Failed to load resource: net::ERR_BLOCKED_BY_CLIENT
10:48:09 [DEBUG] [browser console:error] Failed to load resource: net::ERR_BLOCKED_BY_CLIENT
10:48:09 [DEBUG] [browser console:error] Failed to load resource: net::ERR_BLOCKED_BY_CLIENT
10:48:09 [DEBUG] [browser console:error] Failed to load resource: net::ERR_BLOCKED_BY_CLIENT
10:48:09 [DEBUG] [browser console:error] Failed to load resource: net::ERR_BLOCKED_BY_CLIENT
10:48:09 [DEBUG] [browser console:error] Failed to load resource: net::ERR_BLOCKED_BY_CLIENT
10:48:09 [DEBUG] [browser console:error] Failed to load resource: net::ERR_BLOCKED_BY_CLIENT
10:48:09 [DEBUG] [browser console:error] Failed to load resource: net::ERR_BLOCKED_BY_CLIENT
10:48:09 [DEBUG] [browser console:error] Failed to load resource: net::ERR_BLOCKED_BY_CLIENT
10:48:09 [DEBUG] [browser console:error] Failed to load resource: net::ERR_BLOCKED_BY_CLIENT
10:48:09 [DEBUG] [browser console:error] Failed to load resource: net::ERR_BLOCKED_BY_CLIENT
10:48:09 [DEBUG] [browser console:error] Failed to load resource: net::ERR_BLOCKED_BY_CLIENT
10:48:09 [DEBUG] [browser console:error] Failed to load resource: net::ERR_BLOCKED_BY_CLIENT
10:48:09 [DEBUG] [browser console:error] Failed to load resource: net::ERR_BLOCKED_BY_CLIENT
10:48:09 [DEBUG] [browser console:error] Failed to load resource: net::ERR_BLOCKED_BY_CLIENT
10:48:09 [DEBUG] [browser console:error] Failed to load resource: net::ERR_BLOCKED_BY_CLIENT
10:48:09 [DEBUG] [browser console:error] Failed to load resource: net::ERR_BLOCKED_BY_CLIENT
10:48:09 [DEBUG] [browser console:error] Failed to load resource: net::ERR_BLOCKED_BY_CLIENT
10:48:09 [DEBUG] [browser console:error] Failed to load resource: net::ERR_BLOCKED_BY_CLIENT
10:48:09 [DEBUG] [browser console:error] Failed to load resource: net::ERR_BLOCKED_BY_CLIENT
10:48:09 [DEBUG] [browser console:error] Failed to load resource: net::ERR_BLOCKED_BY_CLIENT
10:48:09 [DEBUG] [browser console:error] Failed to load resource: net::ERR_BLOCKED_BY_CLIENT
10:48:09 [DEBUG] [browser console:error] Failed to load resource: net::ERR_BLOCKED_BY_CLIENT
10:48:09 [DEBUG] [browser console:error] Failed to load resource: net::ERR_BLOCKED_BY_CLIENT
10:48:09 [DEBUG] [browser console:error] Failed to load resource: net::ERR_BLOCKED_BY_CLIENT
10:48:09 [DEBUG] [browser console:error] Failed to load resource: net::ERR_BLOCKED_BY_CLIENT
10:48:09 [DEBUG] [browser console:error] Failed to load resource: net::ERR_BLOCKED_BY_CLIENT
10:48:09 [DEBUG] [browser console:error] Failed to load resource: net::ERR_BLOCKED_BY_CLIENT
10:48:09 [DEBUG] [browser console:error] Failed to load resource: net::ERR_BLOCKED_BY_CLIENT
10:48:09 [DEBUG] [browser console:error] Failed to load resource: net::ERR_BLOCKED_BY_CLIENT
10:48:09 [DEBUG] [browser console:error] Failed to load resource: net::ERR_BLOCKED_BY_CLIENT
10:48:09 [DEBUG] [browser console:error] Failed to load resource: net::ERR_BLOCKED_BY_CLIENT
10:48:09 [DEBUG] [browser console:error] Failed to load resource: net::ERR_BLOCKED_BY_CLIENT
10:48:09 [DEBUG] [browser console:error] Failed to load resource: net::ERR_BLOCKED_BY_CLIENT
10:48:09 [DEBUG] [browser console:error] Failed to load resource: net::ERR_BLOCKED_BY_CLIENT
10:48:09 [DEBUG] [browser console:error] Failed to load resource: net::ERR_BLOCKED_BY_CLIENT
10:48:09 [DEBUG] Saved screenshot: run_output\screenshots\step_1_pause_for_user.png
10:48:09 [DEBUG] Requesting AI description of screenshot from Ollama...
10:48:21 [INFO] Closing browser.
10:48:21 [DEBUG] [browser console:error] Failed to load resource: net::ERR_BLOCKED_BY_CLIENT
10:48:21 [DEBUG] [browser console:error] Failed to load resource: net::ERR_BLOCKED_BY_CLIENT
10:48:21 [DEBUG] [browser console:error] Failed to load resource: net::ERR_BLOCKED_BY_CLIENT
10:48:21 [DEBUG] [browser console:error] Failed to load resource: net::ERR_BLOCKED_BY_CLIENT
10:48:21 [DEBUG] [browser console:error] Failed to load resource: net::ERR_BLOCKED_BY_CLIENT
10:48:21 [DEBUG] [browser console:error] Failed to load resource: net::ERR_BLOCKED_BY_CLIENT
10:48:21 [DEBUG] [browser console:error] Failed to load resource: net::ERR_BLOCKED_BY_CLIENT
10:48:21 [DEBUG] [browser console:error] Failed to load resource: net::ERR_BLOCKED_BY_CLIENT
10:48:21 [DEBUG] [browser console:error] Failed to load resource: net::ERR_BLOCKED_BY_CLIENT
10:48:21 [DEBUG] [browser console:error] Failed to load resource: net::ERR_BLOCKED_BY_CLIENT
10:48:21 [DEBUG] [browser console:error] Failed to load resource: net::ERR_BLOCKED_BY_CLIENT
10:48:21 [DEBUG] [browser console:error] Failed to load resource: net::ERR_BLOCKED_BY_CLIENT
10:48:21 [DEBUG] [browser console:error] Failed to load resource: net::ERR_BLOCKED_BY_CLIENT
10:48:21 [DEBUG] [browser console:error] Failed to load resource: net::ERR_BLOCKED_BY_CLIENT
10:48:21 [DEBUG] [browser console:error] Failed to load resource: net::ERR_BLOCKED_BY_CLIENT
10:48:21 [DEBUG] [browser console:error] Failed to load resource: net::ERR_BLOCKED_BY_CLIENT
10:48:21 [DEBUG] [browser console:error] Failed to load resource: net::ERR_BLOCKED_BY_CLIENT
10:48:21 [DEBUG] [browser console:error] Failed to load resource: net::ERR_BLOCKED_BY_CLIENT
10:48:21 [DEBUG] [browser console:error] Failed to load resource: net::ERR_BLOCKED_BY_CLIENT
10:48:21 [DEBUG] [browser console:error] Failed to load resource: net::ERR_BLOCKED_BY_CLIENT
10:48:21 [DEBUG] [browser console:error] Failed to load resource: net::ERR_BLOCKED_BY_CLIENT
10:48:21 [DEBUG] [browser console:error] Failed to load resource: net::ERR_BLOCKED_BY_CLIENT
10:48:21 [DEBUG] [browser console:error] Failed to load resource: net::ERR_BLOCKED_BY_CLIENT
10:48:21 [DEBUG] [browser console:error] Failed to load resource: net::ERR_BLOCKED_BY_CLIENT
10:48:21 [DEBUG] [browser console:error] Failed to load resource: net::ERR_BLOCKED_BY_CLIENT
10:48:21 [DEBUG] [browser console:error] Failed to load resource: net::ERR_BLOCKED_BY_CLIENT
10:48:21 [DEBUG] [browser console:error] Failed to load resource: net::ERR_BLOCKED_BY_CLIENT
10:48:21 [DEBUG] [browser console:error] Failed to load resource: net::ERR_BLOCKED_BY_CLIENT
10:48:21 [DEBUG] [browser console:error] Failed to load resource: net::ERR_BLOCKED_BY_CLIENT
10:48:21 [DEBUG] [browser console:error] Failed to load resource: net::ERR_BLOCKED_BY_CLIENT
10:48:21 [DEBUG] [browser console:error] Failed to load resource: net::ERR_BLOCKED_BY_CLIENT
10:48:21 [DEBUG] [browser console:error] Failed to load resource: net::ERR_BLOCKED_BY_CLIENT
10:48:21 [DEBUG] [browser console:error] Failed to load resource: net::ERR_BLOCKED_BY_CLIENT
10:48:21 [DEBUG] [browser console:error] Failed to load resource: net::ERR_BLOCKED_BY_CLIENT
10:48:21 [DEBUG] [browser console:error] Failed to load resource: net::ERR_BLOCKED_BY_CLIENT
10:48:21 [DEBUG] [browser console:error] Failed to load resource: net::ERR_BLOCKED_BY_CLIENT
10:48:21 [DEBUG] [browser console:error] Failed to load resource: net::ERR_BLOCKED_BY_CLIENT
10:48:21 [DEBUG] [browser console:error] Failed to load resource: net::ERR_BLOCKED_BY_CLIENT
10:48:21 [DEBUG] [browser console:error] Failed to load resource: net::ERR_BLOCKED_BY_CLIENT
10:48:21 [DEBUG] [browser console:error] Failed to load resource: net::ERR_BLOCKED_BY_CLIENT
10:48:21 [DEBUG] [browser console:error] Failed to load resource: net::ERR_BLOCKED_BY_CLIENT
10:48:21 [DEBUG] [browser console:error] Failed to load resource: net::ERR_BLOCKED_BY_CLIENT
10:48:21 [DEBUG] [browser console:error] Failed to load resource: net::ERR_BLOCKED_BY_CLIENT
10:48:21 [DEBUG] [browser console:error] Failed to load resource: net::ERR_BLOCKED_BY_CLIENT
10:48:21 [DEBUG] [browser console:error] Failed to load resource: net::ERR_BLOCKED_BY_CLIENT
10:48:21 [DEBUG] [browser console:error] Failed to load resource: net::ERR_BLOCKED_BY_CLIENT
10:48:21 [DEBUG] [browser console:error] Failed to load resource: net::ERR_BLOCKED_BY_CLIENT
10:48:21 [DEBUG] [browser console:error] Failed to load resource: net::ERR_BLOCKED_BY_CLIENT
10:48:21 [DEBUG] [browser console:error] Failed to load resource: net::ERR_BLOCKED_BY_CLIENT
10:48:21 [DEBUG] [browser console:error] Failed to load resource: net::ERR_BLOCKED_BY_CLIENT
10:48:21 [DEBUG] [browser console:error] Failed to load resource: net::ERR_BLOCKED_BY_CLIENT
10:48:21 [DEBUG] [browser console:error] Failed to load resource: net::ERR_BLOCKED_BY_CLIENT
10:48:21 [DEBUG] [browser console:error] Failed to load resource: net::ERR_BLOCKED_BY_CLIENT
10:48:21 [DEBUG] [browser console:error] Failed to load resource: net::ERR_BLOCKED_BY_CLIENT
10:48:21 [DEBUG] [browser console:error] Failed to load resource: net::ERR_BLOCKED_BY_CLIENT
10:48:21 [DEBUG] [browser console:error] Failed to load resource: net::ERR_BLOCKED_BY_CLIENT
10:48:21 [DEBUG] [browser console:error] Failed to load resource: net::ERR_BLOCKED_BY_CLIENT
10:48:21 [DEBUG] [browser console:error] Failed to load resource: net::ERR_BLOCKED_BY_CLIENT
10:48:21 [DEBUG] [browser console:error] Failed to load resource: net::ERR_BLOCKED_BY_CLIENT
10:48:21 [DEBUG] [browser console:error] Failed to load resource: net::ERR_BLOCKED_BY_CLIENT
10:48:21 [DEBUG] [browser console:error] Failed to load resource: net::ERR_BLOCKED_BY_CLIENT
10:48:21 [DEBUG] [browser console:error] Failed to load resource: net::ERR_BLOCKED_BY_CLIENT
10:48:21 [DEBUG] [browser console:error] Failed to load resource: net::ERR_BLOCKED_BY_CLIENT
10:48:21 [DEBUG] [browser console:error] Failed to load resource: net::ERR_BLOCKED_BY_CLIENT
10:48:21 [DEBUG] [browser console:error] Failed to load resource: net::ERR_BLOCKED_BY_CLIENT
10:48:21 [DEBUG] [browser console:error] Failed to load resource: net::ERR_BLOCKED_BY_CLIENT
10:48:21 [DEBUG] [browser console:error] Failed to load resource: net::ERR_BLOCKED_BY_CLIENT
10:48:21 [DEBUG] [browser console:error] Failed to load resource: net::ERR_BLOCKED_BY_CLIENT
10:48:21 [DEBUG] [browser console:error] Failed to load resource: net::ERR_BLOCKED_BY_CLIENT
10:48:21 [DEBUG] [browser console:error] Failed to load resource: net::ERR_BLOCKED_BY_CLIENT
10:48:21 [DEBUG] [browser console:error] Failed to load resource: net::ERR_BLOCKED_BY_CLIENT
10:48:21 [DEBUG] [browser console:error] Failed to load resource: net::ERR_BLOCKED_BY_CLIENT
10:48:21 [DEBUG] [browser console:error] Failed to load resource: net::ERR_BLOCKED_BY_CLIENT
10:48:21 [DEBUG] [browser console:error] Failed to load resource: net::ERR_BLOCKED_BY_CLIENT
10:48:21 [DEBUG] [browser console:error] Failed to load resource: net::ERR_BLOCKED_BY_CLIENT
10:48:21 [DEBUG] [browser console:error] Failed to load resource: net::ERR_BLOCKED_BY_CLIENT
10:48:21 [DEBUG] [browser console:error] Failed to load resource: net::ERR_BLOCKED_BY_CLIENT
10:48:21 [DEBUG] [browser console:error] Failed to load resource: net::ERR_BLOCKED_BY_CLIENT
10:48:21 [DEBUG] [browser console:error] Failed to load resource: net::ERR_BLOCKED_BY_CLIENT
10:48:21 [DEBUG] [browser console:error] Failed to load resource: net::ERR_BLOCKED_BY_CLIENT
10:48:21 [DEBUG] [browser console:error] Failed to load resource: net::ERR_BLOCKED_BY_CLIENT
10:48:21 [DEBUG] [browser console:error] Failed to load resource: net::ERR_BLOCKED_BY_CLIENT
10:48:21 [DEBUG] [browser console:error] Failed to load resource: net::ERR_BLOCKED_BY_CLIENT
10:48:21 [DEBUG] [browser console:error] Failed to load resource: net::ERR_BLOCKED_BY_CLIENT
10:48:21 [DEBUG] [browser console:error] Failed to load resource: net::ERR_BLOCKED_BY_CLIENT
12:35:50 [INFO] Logging to console (level=INFO) and to run_output\run.log (level=DEBUG)
12:35:50 [INFO] Starting browser (headless=False, channel=bundled chromium) -- fresh, logged-out profile.
12:35:59 [INFO] Browser started.
12:35:59 [INFO] === Starting run: 9 step(s) ===
12:35:59 [INFO] --- Step 1/9: login_linkedin ---
12:35:59 [DEBUG] Step 1 params: {'action': 'login_linkedin'}
12:35:59 [INFO] Navigating to LinkedIn login page...
12:36:00 [DEBUG] [browser console:warning] <link rel=preload> must have a valid `as` value
12:36:00 [DEBUG] [browser console:warning] <link rel=preload> must have a valid `as` value
12:36:00 [DEBUG] [browser console:warning] <link rel=preload> must have a valid `as` value
12:36:00 [DEBUG] [browser console:warning] <link rel=preload> must have a valid `as` value
12:36:00 [DEBUG] [browser console:warning] <link rel=preload> must have a valid `as` value
12:36:00 [DEBUG] [browser console:warning] <link rel=preload> must have a valid `as` value
12:36:00 [INFO] PAUSED: Please log in to LinkedIn manually in the browser window (including any 2FA or security checkpoint), then press Enter here to continue.
12:37:06 [INFO] Resumed by user.
12:37:06 [DEBUG] After manual login, now at: https://www.linkedin.com/login
12:37:06 [WARNING] Still appear to be at https://www.linkedin.com/login after resuming -- login may not have completed. Continuing anyway; later steps may fail if you're not actually logged in.
12:37:06 [INFO] Step 1 OK (66.69s) -- now at https://www.linkedin.com/login
12:37:06 [DEBUG] [browser console:warning] [GSI_LOGGER]: Your client application may not display the Google One Tap in its default position. When FedCM becomes mandatory, One Tap only displays in the default position. Refer to the migration guide to update your code accordingly and opt-in to FedCM to test your changes. Learn more: https://developers.google.com/identity/gsi/web/guides/fedcm-migration?s=dc#layout
12:37:06 [DEBUG] [browser console:warning] [GSI_LOGGER]: Your client application uses one of the Google One Tap prompt UI status methods that may stop functioning when FedCM becomes mandatory. Refer to the migration guide to update your code accordingly and opt-in to FedCM to test your changes. Learn more: https://developers.google.com/identity/gsi/web/guides/fedcm-migration?s=dc#display_moment and https://developers.google.com/identity/gsi/web/guides/fedcm-migration?s=dc#skipped_moment
12:37:06 [DEBUG] [browser console:warning] [GSI_LOGGER]: Currently, you disable FedCM on Google One Tap. FedCM for One Tap will become mandatory starting Oct 2024, and you won’t be able to disable it. Refer to the migration guide to update your code accordingly to ensure users will not be blocked from logging in. Learn more: https://developers.google.com/identity/gsi/web/guides/fedcm-migration
12:37:06 [DEBUG] [browser page error] Minified React error #418; visit https://react.dev/errors/418?args[]= for the full message or use the non-minified dev environment for full errors and additional helpful warnings.
12:37:06 [DEBUG] [browser console:warning] Attribute 'exception.tags' of type 'object' could not be converted to a proto attribute.
12:37:06 [DEBUG] [browser console:warning] Attribute 'exception.tags' of type 'object' could not be converted to a proto attribute.
12:37:06 [DEBUG] [browser console:warning] Attribute 'exception.tags' of type 'object' could not be converted to a proto attribute.
12:37:06 [DEBUG] [browser console:warning] Attribute 'exception.tags' of type 'object' could not be converted to a proto attribute.
12:37:06 [DEBUG] [browser console:warning] VIDEOJS: WARN: Using the tech directly can be dangerous. I hope you know what you're doing.
See https://github.com/videojs/video.js/issues/2617 for more info.

12:37:06 [DEBUG] [browser console:error] Failed to load resource: net::ERR_BLOCKED_BY_CLIENT
12:37:06 [DEBUG] [browser console:error] Failed to load resource: net::ERR_BLOCKED_BY_CLIENT
12:37:06 [DEBUG] [browser console:error] Failed to load resource: net::ERR_BLOCKED_BY_CLIENT
12:37:06 [DEBUG] [browser console:error] Failed to load resource: net::ERR_BLOCKED_BY_CLIENT
12:37:06 [DEBUG] [browser console:error] Failed to load resource: net::ERR_BLOCKED_BY_CLIENT
12:37:06 [DEBUG] [browser console:error] Failed to load resource: net::ERR_BLOCKED_BY_CLIENT
12:37:06 [DEBUG] [browser console:error] Failed to load resource: net::ERR_BLOCKED_BY_CLIENT
12:37:06 [DEBUG] [browser console:error] Failed to load resource: net::ERR_BLOCKED_BY_CLIENT
12:37:06 [DEBUG] [browser console:error] Failed to load resource: net::ERR_BLOCKED_BY_CLIENT
12:37:06 [DEBUG] [browser console:error] Failed to load resource: net::ERR_BLOCKED_BY_CLIENT
12:37:06 [DEBUG] [browser console:error] Failed to load resource: net::ERR_BLOCKED_BY_CLIENT
12:37:06 [DEBUG] [browser console:error] Failed to load resource: net::ERR_BLOCKED_BY_CLIENT
12:37:06 [DEBUG] [browser console:error] Failed to load resource: net::ERR_BLOCKED_BY_CLIENT
12:37:06 [DEBUG] [browser console:error] Failed to load resource: net::ERR_BLOCKED_BY_CLIENT
12:37:06 [DEBUG] [browser console:error] Failed to load resource: net::ERR_BLOCKED_BY_CLIENT
12:37:06 [DEBUG] [browser console:error] Failed to load resource: net::ERR_BLOCKED_BY_CLIENT
12:37:06 [DEBUG] [browser console:error] Failed to load resource: net::ERR_BLOCKED_BY_CLIENT
12:37:06 [DEBUG] [browser console:error] Failed to load resource: net::ERR_BLOCKED_BY_CLIENT
12:37:06 [DEBUG] [browser console:error] Failed to load resource: net::ERR_BLOCKED_BY_CLIENT
12:37:06 [DEBUG] [browser console:error] Failed to load resource: net::ERR_BLOCKED_BY_CLIENT
12:37:06 [DEBUG] [browser console:error] Failed to load resource: net::ERR_BLOCKED_BY_CLIENT
12:37:06 [DEBUG] [browser console:error] Failed to load resource: net::ERR_BLOCKED_BY_CLIENT
12:37:06 [DEBUG] [browser console:error] Failed to load resource: net::ERR_BLOCKED_BY_CLIENT
12:37:06 [DEBUG] [browser console:error] Failed to load resource: net::ERR_BLOCKED_BY_CLIENT
12:37:06 [DEBUG] [browser console:error] Failed to load resource: net::ERR_BLOCKED_BY_CLIENT
12:37:06 [DEBUG] [browser console:error] Failed to load resource: net::ERR_BLOCKED_BY_CLIENT
12:37:06 [DEBUG] [browser console:error] Failed to load resource: net::ERR_BLOCKED_BY_CLIENT
12:37:06 [DEBUG] [browser console:error] Failed to load resource: net::ERR_BLOCKED_BY_CLIENT
12:37:06 [DEBUG] [browser console:error] Failed to load resource: net::ERR_BLOCKED_BY_CLIENT
12:37:06 [DEBUG] [browser console:error] Failed to load resource: net::ERR_BLOCKED_BY_CLIENT
12:37:06 [DEBUG] [browser console:error] Failed to load resource: net::ERR_BLOCKED_BY_CLIENT
12:37:06 [DEBUG] [browser console:error] Failed to load resource: net::ERR_BLOCKED_BY_CLIENT
12:37:06 [DEBUG] [browser console:error] Failed to load resource: net::ERR_BLOCKED_BY_CLIENT
12:37:06 [DEBUG] [browser console:error] Failed to load resource: net::ERR_BLOCKED_BY_CLIENT
12:37:06 [DEBUG] [browser console:error] Failed to load resource: net::ERR_BLOCKED_BY_CLIENT
12:37:06 [DEBUG] [browser console:error] Failed to load resource: net::ERR_BLOCKED_BY_CLIENT
12:37:06 [DEBUG] [browser console:error] Failed to load resource: net::ERR_BLOCKED_BY_CLIENT
12:37:06 [DEBUG] [browser console:error] Failed to load resource: net::ERR_BLOCKED_BY_CLIENT
12:37:06 [DEBUG] [browser console:error] Failed to load resource: net::ERR_BLOCKED_BY_CLIENT
12:37:06 [DEBUG] [browser console:error] Failed to load resource: net::ERR_BLOCKED_BY_CLIENT
12:37:06 [DEBUG] [browser console:error] Failed to load resource: net::ERR_BLOCKED_BY_CLIENT
12:37:06 [DEBUG] [browser console:error] Failed to load resource: net::ERR_BLOCKED_BY_CLIENT
12:37:06 [DEBUG] [browser console:error] Failed to load resource: net::ERR_BLOCKED_BY_CLIENT
12:37:06 [DEBUG] [browser console:error] Failed to load resource: net::ERR_BLOCKED_BY_CLIENT
12:37:06 [DEBUG] [browser console:error] Failed to load resource: net::ERR_BLOCKED_BY_CLIENT
12:37:06 [DEBUG] [browser console:error] Failed to load resource: net::ERR_BLOCKED_BY_CLIENT
12:37:06 [DEBUG] [browser console:error] Failed to load resource: net::ERR_BLOCKED_BY_CLIENT
12:37:06 [DEBUG] [browser console:error] Failed to load resource: net::ERR_BLOCKED_BY_CLIENT
12:37:06 [DEBUG] [browser console:error] Failed to load resource: net::ERR_BLOCKED_BY_CLIENT
12:37:06 [DEBUG] [browser console:error] Failed to load resource: net::ERR_BLOCKED_BY_CLIENT
12:37:06 [DEBUG] [browser console:error] Failed to load resource: net::ERR_BLOCKED_BY_CLIENT
12:37:06 [DEBUG] [browser console:error] Failed to load resource: net::ERR_BLOCKED_BY_CLIENT
12:37:06 [DEBUG] [browser console:error] Failed to load resource: net::ERR_BLOCKED_BY_CLIENT
12:37:06 [DEBUG] [browser console:error] Failed to load resource: net::ERR_BLOCKED_BY_CLIENT
12:37:06 [DEBUG] [browser console:error] Failed to load resource: net::ERR_BLOCKED_BY_CLIENT
12:37:06 [DEBUG] [browser console:error] Failed to load resource: net::ERR_BLOCKED_BY_CLIENT
12:37:06 [DEBUG] [browser console:error] Failed to load resource: net::ERR_BLOCKED_BY_CLIENT
12:37:06 [DEBUG] [browser console:error] Failed to load resource: net::ERR_BLOCKED_BY_CLIENT
12:37:06 [DEBUG] [browser console:error] Failed to load resource: net::ERR_BLOCKED_BY_CLIENT
12:37:06 [DEBUG] [browser console:error] Failed to load resource: net::ERR_BLOCKED_BY_CLIENT
12:37:06 [DEBUG] [browser console:error] Failed to load resource: net::ERR_BLOCKED_BY_CLIENT
12:37:06 [DEBUG] [browser console:error] Failed to load resource: net::ERR_BLOCKED_BY_CLIENT
12:37:06 [DEBUG] [browser console:error] Failed to load resource: net::ERR_BLOCKED_BY_CLIENT
12:37:06 [DEBUG] [browser console:error] Failed to load resource: net::ERR_BLOCKED_BY_CLIENT
12:37:06 [DEBUG] [browser console:error] Failed to load resource: net::ERR_BLOCKED_BY_CLIENT
12:37:06 [DEBUG] [browser console:error] Failed to load resource: net::ERR_BLOCKED_BY_CLIENT
12:37:06 [DEBUG] [browser console:error] Failed to load resource: net::ERR_BLOCKED_BY_CLIENT
12:37:06 [DEBUG] [browser console:error] Failed to load resource: net::ERR_BLOCKED_BY_CLIENT
12:37:06 [DEBUG] [browser console:error] Failed to load resource: net::ERR_BLOCKED_BY_CLIENT
12:37:06 [DEBUG] [browser console:error] Failed to load resource: net::ERR_BLOCKED_BY_CLIENT
12:37:06 [DEBUG] [browser console:error] Failed to load resource: net::ERR_BLOCKED_BY_CLIENT
12:37:06 [DEBUG] [browser console:error] Failed to load resource: net::ERR_BLOCKED_BY_CLIENT
12:37:06 [DEBUG] [browser console:error] Failed to load resource: net::ERR_BLOCKED_BY_CLIENT
12:37:06 [DEBUG] [browser console:error] Failed to load resource: net::ERR_BLOCKED_BY_CLIENT
12:37:06 [DEBUG] [browser console:error] Failed to load resource: net::ERR_BLOCKED_BY_CLIENT
12:37:06 [DEBUG] [browser console:error] Failed to load resource: net::ERR_BLOCKED_BY_CLIENT
12:37:06 [DEBUG] [browser console:error] Failed to load resource: net::ERR_BLOCKED_BY_CLIENT
12:37:06 [DEBUG] [browser console:error] Failed to load resource: net::ERR_BLOCKED_BY_CLIENT
12:37:06 [DEBUG] [browser console:error] Failed to load resource: net::ERR_BLOCKED_BY_CLIENT
12:37:06 [DEBUG] [browser console:error] Failed to load resource: net::ERR_BLOCKED_BY_CLIENT
12:37:06 [DEBUG] [browser console:error] Failed to load resource: net::ERR_BLOCKED_BY_CLIENT
12:37:06 [DEBUG] [browser console:error] Failed to load resource: net::ERR_BLOCKED_BY_CLIENT
12:37:06 [DEBUG] [browser console:error] Failed to load resource: net::ERR_BLOCKED_BY_CLIENT
12:37:06 [DEBUG] [browser console:error] Failed to load resource: net::ERR_BLOCKED_BY_CLIENT
12:37:06 [DEBUG] [browser console:error] Failed to load resource: net::ERR_BLOCKED_BY_CLIENT
12:37:06 [DEBUG] [browser console:error] Failed to load resource: net::ERR_BLOCKED_BY_CLIENT
12:37:06 [DEBUG] [browser console:error] Failed to load resource: net::ERR_BLOCKED_BY_CLIENT
12:37:06 [DEBUG] [browser console:error] Failed to load resource: net::ERR_BLOCKED_BY_CLIENT
12:37:06 [DEBUG] [browser console:error] Failed to load resource: net::ERR_BLOCKED_BY_CLIENT
12:37:06 [DEBUG] [browser console:error] Failed to load resource: net::ERR_BLOCKED_BY_CLIENT
12:37:06 [DEBUG] [browser console:error] Failed to load resource: net::ERR_BLOCKED_BY_CLIENT
12:37:06 [DEBUG] [browser console:error] Failed to load resource: net::ERR_BLOCKED_BY_CLIENT
12:37:06 [DEBUG] [browser console:error] Failed to load resource: net::ERR_BLOCKED_BY_CLIENT
12:37:06 [DEBUG] [browser console:error] Failed to load resource: net::ERR_BLOCKED_BY_CLIENT
12:37:06 [DEBUG] [browser console:error] Failed to load resource: net::ERR_BLOCKED_BY_CLIENT
12:37:06 [DEBUG] [browser console:error] Failed to load resource: net::ERR_BLOCKED_BY_CLIENT
12:37:06 [DEBUG] [browser console:error] Failed to load resource: net::ERR_BLOCKED_BY_CLIENT
12:37:06 [DEBUG] [browser console:error] Failed to load resource: net::ERR_BLOCKED_BY_CLIENT
12:37:06 [DEBUG] [browser console:error] Failed to load resource: net::ERR_BLOCKED_BY_CLIENT
12:37:06 [DEBUG] [browser console:error] Failed to load resource: net::ERR_BLOCKED_BY_CLIENT
12:37:06 [DEBUG] [browser console:error] Failed to load resource: net::ERR_BLOCKED_BY_CLIENT
12:37:06 [DEBUG] [browser console:error] Failed to load resource: net::ERR_BLOCKED_BY_CLIENT
12:37:06 [DEBUG] [browser console:error] Failed to load resource: net::ERR_BLOCKED_BY_CLIENT
12:37:06 [DEBUG] [browser console:error] Failed to load resource: net::ERR_BLOCKED_BY_CLIENT
12:37:06 [DEBUG] [browser console:error] Failed to load resource: net::ERR_BLOCKED_BY_CLIENT
12:37:06 [DEBUG] [browser console:error] Failed to load resource: net::ERR_BLOCKED_BY_CLIENT
12:37:06 [DEBUG] [browser console:error] Failed to load resource: net::ERR_BLOCKED_BY_CLIENT
12:37:06 [DEBUG] [browser console:error] Failed to load resource: net::ERR_BLOCKED_BY_CLIENT
12:37:06 [DEBUG] [browser console:error] Failed to load resource: net::ERR_BLOCKED_BY_CLIENT
12:37:06 [DEBUG] [browser console:error] Failed to load resource: net::ERR_BLOCKED_BY_CLIENT
12:37:06 [DEBUG] [browser console:error] Failed to load resource: net::ERR_BLOCKED_BY_CLIENT
12:37:06 [DEBUG] [browser console:error] Failed to load resource: net::ERR_BLOCKED_BY_CLIENT
12:37:06 [DEBUG] [browser console:error] Failed to load resource: net::ERR_BLOCKED_BY_CLIENT
12:37:06 [DEBUG] [browser console:error] Failed to load resource: net::ERR_BLOCKED_BY_CLIENT
12:37:06 [DEBUG] [browser console:error] Failed to load resource: net::ERR_BLOCKED_BY_CLIENT
12:37:06 [DEBUG] [browser console:error] Failed to load resource: net::ERR_BLOCKED_BY_CLIENT
12:37:06 [DEBUG] [browser console:error] Failed to load resource: net::ERR_BLOCKED_BY_CLIENT
12:37:06 [DEBUG] [browser console:error] Failed to load resource: net::ERR_BLOCKED_BY_CLIENT
12:37:06 [DEBUG] [browser console:error] Failed to load resource: net::ERR_BLOCKED_BY_CLIENT
12:37:06 [DEBUG] [browser console:error] Failed to load resource: net::ERR_BLOCKED_BY_CLIENT
12:37:06 [DEBUG] [browser console:error] Failed to load resource: net::ERR_BLOCKED_BY_CLIENT
12:37:06 [DEBUG] [browser console:error] Failed to load resource: net::ERR_BLOCKED_BY_CLIENT
12:37:06 [DEBUG] [browser console:error] Failed to load resource: net::ERR_BLOCKED_BY_CLIENT
12:37:06 [DEBUG] [browser console:error] Failed to load resource: net::ERR_BLOCKED_BY_CLIENT
12:37:06 [DEBUG] [browser console:error] Failed to load resource: net::ERR_BLOCKED_BY_CLIENT
12:37:06 [DEBUG] [browser console:error] Failed to load resource: net::ERR_BLOCKED_BY_CLIENT
12:37:06 [DEBUG] [browser console:error] Failed to load resource: net::ERR_BLOCKED_BY_CLIENT
12:37:06 [DEBUG] [browser console:error] Failed to load resource: net::ERR_BLOCKED_BY_CLIENT
12:37:06 [DEBUG] [browser console:error] Failed to load resource: net::ERR_BLOCKED_BY_CLIENT
12:37:06 [DEBUG] [browser console:error] Failed to load resource: net::ERR_BLOCKED_BY_CLIENT
12:37:06 [DEBUG] [browser console:error] Failed to load resource: net::ERR_BLOCKED_BY_CLIENT
12:37:06 [DEBUG] [browser console:error] Failed to load resource: net::ERR_BLOCKED_BY_CLIENT
12:37:06 [DEBUG] [browser console:error] Failed to load resource: net::ERR_BLOCKED_BY_CLIENT
12:37:06 [DEBUG] [browser console:error] Failed to load resource: net::ERR_BLOCKED_BY_CLIENT
12:37:06 [DEBUG] [browser console:error] Failed to load resource: net::ERR_BLOCKED_BY_CLIENT
12:37:06 [DEBUG] [browser console:error] Failed to load resource: net::ERR_BLOCKED_BY_CLIENT
12:37:06 [DEBUG] [browser console:error] Failed to load resource: net::ERR_BLOCKED_BY_CLIENT
12:37:06 [DEBUG] [browser console:error] Failed to load resource: net::ERR_BLOCKED_BY_CLIENT
12:37:06 [DEBUG] [browser console:error] Failed to load resource: net::ERR_BLOCKED_BY_CLIENT
12:37:06 [DEBUG] [browser console:error] Failed to load resource: net::ERR_BLOCKED_BY_CLIENT
12:37:06 [DEBUG] [browser console:error] Failed to load resource: net::ERR_BLOCKED_BY_CLIENT
12:37:06 [DEBUG] [browser console:error] Failed to load resource: net::ERR_BLOCKED_BY_CLIENT
12:37:06 [DEBUG] [browser console:error] Failed to load resource: net::ERR_BLOCKED_BY_CLIENT
12:37:06 [DEBUG] [browser console:error] Failed to load resource: net::ERR_BLOCKED_BY_CLIENT
12:37:06 [DEBUG] [browser console:error] Failed to load resource: net::ERR_BLOCKED_BY_CLIENT
12:37:06 [DEBUG] [browser console:error] Failed to load resource: net::ERR_BLOCKED_BY_CLIENT
12:37:06 [DEBUG] [browser console:error] Failed to load resource: net::ERR_BLOCKED_BY_CLIENT
12:37:06 [DEBUG] [browser console:error] Failed to load resource: net::ERR_BLOCKED_BY_CLIENT
12:37:06 [DEBUG] [browser console:error] Failed to load resource: net::ERR_BLOCKED_BY_CLIENT
12:37:06 [DEBUG] [browser console:error] Failed to load resource: net::ERR_BLOCKED_BY_CLIENT
12:37:06 [DEBUG] [browser console:error] Failed to load resource: net::ERR_BLOCKED_BY_CLIENT
12:37:06 [DEBUG] [browser console:error] Failed to load resource: net::ERR_BLOCKED_BY_CLIENT
12:37:06 [DEBUG] [browser console:error] Failed to load resource: net::ERR_BLOCKED_BY_CLIENT
12:37:06 [DEBUG] [browser console:error] Failed to load resource: net::ERR_BLOCKED_BY_CLIENT
12:37:06 [DEBUG] [browser console:error] Failed to load resource: net::ERR_BLOCKED_BY_CLIENT
12:37:06 [DEBUG] [browser console:error] Failed to load resource: net::ERR_BLOCKED_BY_CLIENT
12:37:06 [DEBUG] [browser console:error] Failed to load resource: net::ERR_BLOCKED_BY_CLIENT
12:37:06 [DEBUG] [browser console:error] Failed to load resource: net::ERR_BLOCKED_BY_CLIENT
12:37:06 [DEBUG] [browser console:error] Failed to load resource: net::ERR_BLOCKED_BY_CLIENT
12:37:06 [DEBUG] [browser console:error] Failed to load resource: net::ERR_BLOCKED_BY_CLIENT
12:37:06 [DEBUG] [browser console:error] Failed to load resource: net::ERR_BLOCKED_BY_CLIENT
12:37:06 [DEBUG] [browser console:error] Failed to load resource: net::ERR_BLOCKED_BY_CLIENT
12:37:06 [DEBUG] [browser console:error] Failed to load resource: net::ERR_BLOCKED_BY_CLIENT
12:37:06 [DEBUG] [browser console:error] Failed to load resource: net::ERR_BLOCKED_BY_CLIENT
12:37:06 [DEBUG] [browser console:error] Failed to load resource: net::ERR_BLOCKED_BY_CLIENT
12:37:06 [DEBUG] [browser console:error] Failed to load resource: net::ERR_BLOCKED_BY_CLIENT
12:37:06 [DEBUG] [browser console:error] Failed to load resource: net::ERR_BLOCKED_BY_CLIENT
12:37:06 [DEBUG] [browser console:error] Failed to load resource: net::ERR_BLOCKED_BY_CLIENT
12:37:06 [DEBUG] [browser console:error] Failed to load resource: net::ERR_BLOCKED_BY_CLIENT
12:37:06 [DEBUG] [browser console:error] Failed to load resource: net::ERR_BLOCKED_BY_CLIENT
12:37:06 [DEBUG] [browser console:error] Failed to load resource: net::ERR_BLOCKED_BY_CLIENT
12:37:06 [DEBUG] [browser console:error] Failed to load resource: net::ERR_BLOCKED_BY_CLIENT
12:37:06 [DEBUG] [browser console:error] Failed to load resource: net::ERR_BLOCKED_BY_CLIENT
12:37:06 [DEBUG] [browser console:error] Failed to load resource: net::ERR_BLOCKED_BY_CLIENT
12:37:06 [DEBUG] [browser console:error] Failed to load resource: net::ERR_BLOCKED_BY_CLIENT
12:37:06 [DEBUG] [browser console:error] Failed to load resource: net::ERR_BLOCKED_BY_CLIENT
12:37:06 [DEBUG] [browser console:error] Failed to load resource: net::ERR_BLOCKED_BY_CLIENT
12:37:06 [DEBUG] [browser console:error] Failed to load resource: net::ERR_BLOCKED_BY_CLIENT
12:37:06 [DEBUG] [browser console:error] Failed to load resource: net::ERR_BLOCKED_BY_CLIENT
12:37:06 [DEBUG] [browser console:error] Failed to load resource: net::ERR_BLOCKED_BY_CLIENT
12:37:06 [DEBUG] [browser console:error] Failed to load resource: net::ERR_BLOCKED_BY_CLIENT
12:37:06 [DEBUG] [browser console:error] Failed to load resource: net::ERR_BLOCKED_BY_CLIENT
12:37:06 [DEBUG] [browser console:error] Failed to load resource: net::ERR_BLOCKED_BY_CLIENT
12:37:06 [DEBUG] [browser console:error] Failed to load resource: net::ERR_BLOCKED_BY_CLIENT
12:37:06 [DEBUG] [browser console:error] Failed to load resource: net::ERR_BLOCKED_BY_CLIENT
12:37:06 [DEBUG] [browser console:error] Failed to load resource: net::ERR_BLOCKED_BY_CLIENT
12:37:06 [DEBUG] [browser console:error] Failed to load resource: net::ERR_BLOCKED_BY_CLIENT
12:37:06 [DEBUG] [browser console:error] Failed to load resource: net::ERR_BLOCKED_BY_CLIENT
12:37:06 [DEBUG] [browser console:error] Failed to load resource: net::ERR_BLOCKED_BY_CLIENT
12:37:06 [DEBUG] [browser console:error] Failed to load resource: net::ERR_BLOCKED_BY_CLIENT
12:37:06 [DEBUG] [browser console:error] Failed to load resource: net::ERR_BLOCKED_BY_CLIENT
12:37:06 [DEBUG] [browser console:error] Failed to load resource: net::ERR_BLOCKED_BY_CLIENT
12:37:06 [DEBUG] [browser console:error] Failed to load resource: net::ERR_BLOCKED_BY_CLIENT
12:37:06 [DEBUG] [browser console:error] Failed to load resource: net::ERR_BLOCKED_BY_CLIENT
12:37:06 [DEBUG] [browser console:error] Failed to load resource: net::ERR_BLOCKED_BY_CLIENT
12:37:06 [DEBUG] [browser console:error] Failed to load resource: net::ERR_BLOCKED_BY_CLIENT
12:37:06 [DEBUG] [browser console:error] Failed to load resource: net::ERR_BLOCKED_BY_CLIENT
12:37:06 [DEBUG] [browser console:error] Failed to load resource: net::ERR_BLOCKED_BY_CLIENT
12:37:06 [DEBUG] [browser console:error] Failed to load resource: net::ERR_BLOCKED_BY_CLIENT
12:37:06 [DEBUG] [browser console:error] Failed to load resource: net::ERR_BLOCKED_BY_CLIENT
12:37:06 [DEBUG] [browser console:error] Failed to load resource: net::ERR_BLOCKED_BY_CLIENT
12:37:06 [DEBUG] [browser console:error] Failed to load resource: net::ERR_BLOCKED_BY_CLIENT
12:37:06 [DEBUG] [browser console:error] Failed to load resource: net::ERR_BLOCKED_BY_CLIENT
12:37:06 [DEBUG] [browser console:error] Failed to load resource: net::ERR_BLOCKED_BY_CLIENT
12:37:06 [DEBUG] [browser console:error] Failed to load resource: net::ERR_BLOCKED_BY_CLIENT
12:37:06 [DEBUG] [browser console:error] Failed to load resource: net::ERR_BLOCKED_BY_CLIENT
12:37:06 [DEBUG] [browser console:error] Failed to load resource: net::ERR_BLOCKED_BY_CLIENT
12:37:06 [DEBUG] [browser console:error] Failed to load resource: net::ERR_BLOCKED_BY_CLIENT
12:37:06 [DEBUG] [browser console:error] Failed to load resource: net::ERR_BLOCKED_BY_CLIENT
12:37:06 [DEBUG] [browser console:error] Failed to load resource: net::ERR_BLOCKED_BY_CLIENT
12:37:06 [DEBUG] [browser console:error] Failed to load resource: net::ERR_BLOCKED_BY_CLIENT
12:37:06 [DEBUG] [browser console:error] Failed to load resource: net::ERR_BLOCKED_BY_CLIENT
12:37:06 [DEBUG] [browser console:error] Failed to load resource: net::ERR_BLOCKED_BY_CLIENT
12:37:06 [DEBUG] [browser console:error] Failed to load resource: net::ERR_BLOCKED_BY_CLIENT
12:37:06 [DEBUG] [browser console:error] Failed to load resource: net::ERR_BLOCKED_BY_CLIENT
12:37:06 [DEBUG] [browser console:error] Failed to load resource: net::ERR_BLOCKED_BY_CLIENT
12:37:06 [DEBUG] [browser console:error] Failed to load resource: net::ERR_BLOCKED_BY_CLIENT
12:37:06 [DEBUG] [browser console:error] Failed to load resource: net::ERR_BLOCKED_BY_CLIENT
12:37:06 [DEBUG] [browser console:error] Failed to load resource: net::ERR_BLOCKED_BY_CLIENT
12:37:06 [DEBUG] [browser console:error] Failed to load resource: net::ERR_BLOCKED_BY_CLIENT
12:37:06 [DEBUG] [browser console:error] Failed to load resource: net::ERR_BLOCKED_BY_CLIENT
12:37:06 [DEBUG] [browser console:error] Failed to load resource: net::ERR_BLOCKED_BY_CLIENT
12:37:06 [DEBUG] [browser console:error] Failed to load resource: net::ERR_BLOCKED_BY_CLIENT
12:37:06 [DEBUG] [browser console:error] Failed to load resource: net::ERR_BLOCKED_BY_CLIENT
12:37:06 [DEBUG] [browser console:error] Failed to load resource: net::ERR_BLOCKED_BY_CLIENT
12:37:06 [DEBUG] [browser console:error] Failed to load resource: net::ERR_BLOCKED_BY_CLIENT
12:37:06 [DEBUG] [browser console:error] Failed to load resource: net::ERR_BLOCKED_BY_CLIENT
12:37:06 [DEBUG] [browser console:error] Failed to load resource: net::ERR_BLOCKED_BY_CLIENT
12:37:06 [DEBUG] [browser console:error] Failed to load resource: net::ERR_BLOCKED_BY_CLIENT
12:37:06 [DEBUG] [browser console:error] Failed to load resource: net::ERR_BLOCKED_BY_CLIENT
12:37:06 [DEBUG] [browser console:error] Failed to load resource: net::ERR_BLOCKED_BY_CLIENT
12:37:06 [DEBUG] [browser console:error] Failed to load resource: net::ERR_BLOCKED_BY_CLIENT
12:37:06 [DEBUG] [browser console:error] Failed to load resource: net::ERR_BLOCKED_BY_CLIENT
12:37:06 [DEBUG] [browser console:error] Failed to load resource: net::ERR_BLOCKED_BY_CLIENT
12:37:06 [DEBUG] [browser console:error] Failed to load resource: net::ERR_BLOCKED_BY_CLIENT
12:37:06 [DEBUG] [browser console:error] Failed to load resource: net::ERR_BLOCKED_BY_CLIENT
12:37:06 [DEBUG] [browser console:error] Failed to load resource: net::ERR_BLOCKED_BY_CLIENT
12:37:06 [DEBUG] [browser console:error] Failed to load resource: net::ERR_BLOCKED_BY_CLIENT
12:37:06 [DEBUG] [browser console:error] Failed to load resource: net::ERR_BLOCKED_BY_CLIENT
12:37:06 [DEBUG] [browser console:error] Failed to load resource: net::ERR_BLOCKED_BY_CLIENT
12:37:06 [DEBUG] [browser console:error] Failed to load resource: net::ERR_BLOCKED_BY_CLIENT
12:37:06 [DEBUG] [browser console:error] Failed to load resource: net::ERR_BLOCKED_BY_CLIENT
12:37:06 [DEBUG] [browser console:error] Failed to load resource: net::ERR_BLOCKED_BY_CLIENT
12:37:07 [DEBUG] [browser console:error] Failed to load resource: net::ERR_BLOCKED_BY_CLIENT
12:37:07 [DEBUG] [browser console:error] Failed to load resource: net::ERR_BLOCKED_BY_CLIENT
12:37:07 [DEBUG] [browser console:error] Failed to load resource: net::ERR_BLOCKED_BY_CLIENT
12:37:07 [DEBUG] [browser console:error] Failed to load resource: net::ERR_BLOCKED_BY_CLIENT
12:37:07 [DEBUG] [browser console:error] Failed to load resource: net::ERR_BLOCKED_BY_CLIENT
12:37:07 [DEBUG] [browser console:error] Failed to load resource: net::ERR_BLOCKED_BY_CLIENT
12:37:07 [DEBUG] [browser console:error] Failed to load resource: net::ERR_BLOCKED_BY_CLIENT
12:37:07 [DEBUG] [browser console:error] Failed to load resource: net::ERR_BLOCKED_BY_CLIENT
12:37:08 [DEBUG] [browser console:error] Failed to load resource: net::ERR_BLOCKED_BY_CLIENT
12:37:08 [DEBUG] [browser console:error] Failed to load resource: net::ERR_BLOCKED_BY_CLIENT
12:37:08 [DEBUG] [browser console:error] Failed to load resource: net::ERR_BLOCKED_BY_CLIENT
12:37:08 [DEBUG] [browser console:error] Failed to load resource: net::ERR_BLOCKED_BY_CLIENT
12:37:08 [DEBUG] Saved screenshot: run_output\screenshots\step_0_login_linkedin.png
12:37:08 [DEBUG] Requesting AI description of screenshot from Ollama...
12:37:28 [INFO] --- Step 2/9: pause_for_user ---
12:37:28 [DEBUG] Step 2 params: {'action': 'pause_for_user', 'message': 'If LinkedIn is showing a security check, CAPTCHA, or 2FA code prompt, solve it now in the browser window. Otherwise just press Enter to continue.'}
12:37:28 [INFO] PAUSED: If LinkedIn is showing a security check, CAPTCHA, or 2FA code prompt, solve it now in the browser window. Otherwise just press Enter to continue.
12:37:32 [INFO] Resumed by user.
12:37:32 [INFO] Step 2 OK (3.79s) -- now at https://www.linkedin.com/feed/
12:37:32 [DEBUG] [browser console:error] Failed to load resource: net::ERR_BLOCKED_BY_CLIENT
12:37:32 [DEBUG] [browser console:error] Failed to load resource: net::ERR_BLOCKED_BY_CLIENT
12:37:32 [DEBUG] [browser console:error] Failed to load resource: net::ERR_BLOCKED_BY_CLIENT
12:37:32 [DEBUG] [browser console:error] Failed to load resource: net::ERR_BLOCKED_BY_CLIENT
12:37:32 [DEBUG] [browser console:error] Failed to load resource: net::ERR_BLOCKED_BY_CLIENT
12:37:32 [DEBUG] [browser console:error] Failed to load resource: net::ERR_BLOCKED_BY_CLIENT
12:37:32 [DEBUG] [browser console:error] Failed to load resource: net::ERR_BLOCKED_BY_CLIENT
12:37:32 [DEBUG] [browser console:error] Failed to load resource: net::ERR_BLOCKED_BY_CLIENT
12:37:32 [DEBUG] [browser console:error] Failed to load resource: net::ERR_BLOCKED_BY_CLIENT
12:37:32 [DEBUG] [browser console:error] Failed to load resource: net::ERR_BLOCKED_BY_CLIENT
12:37:32 [DEBUG] [browser console:error] Failed to load resource: net::ERR_BLOCKED_BY_CLIENT
12:37:32 [DEBUG] [browser console:error] Failed to load resource: net::ERR_BLOCKED_BY_CLIENT
12:37:32 [DEBUG] [browser console:error] Failed to load resource: net::ERR_BLOCKED_BY_CLIENT
12:37:32 [DEBUG] [browser console:error] Failed to load resource: net::ERR_BLOCKED_BY_CLIENT
12:37:32 [DEBUG] [browser console:error] Failed to load resource: net::ERR_BLOCKED_BY_CLIENT
12:37:32 [DEBUG] [browser console:error] Failed to load resource: net::ERR_BLOCKED_BY_CLIENT
12:37:32 [DEBUG] [browser console:error] Failed to load resource: net::ERR_BLOCKED_BY_CLIENT
12:37:32 [DEBUG] [browser console:error] Failed to load resource: net::ERR_BLOCKED_BY_CLIENT
12:37:32 [DEBUG] [browser console:error] Failed to load resource: net::ERR_BLOCKED_BY_CLIENT
12:37:32 [DEBUG] [browser console:error] Failed to load resource: net::ERR_BLOCKED_BY_CLIENT
12:37:32 [DEBUG] [browser console:error] Failed to load resource: net::ERR_BLOCKED_BY_CLIENT
12:37:32 [DEBUG] [browser console:error] Failed to load resource: net::ERR_BLOCKED_BY_CLIENT
12:37:32 [DEBUG] [browser console:error] Failed to load resource: net::ERR_BLOCKED_BY_CLIENT
12:37:32 [DEBUG] [browser console:error] Failed to load resource: net::ERR_BLOCKED_BY_CLIENT
12:37:32 [DEBUG] [browser console:error] Failed to load resource: net::ERR_BLOCKED_BY_CLIENT
12:37:32 [DEBUG] [browser console:error] Failed to load resource: net::ERR_BLOCKED_BY_CLIENT
12:37:32 [DEBUG] [browser console:error] Failed to load resource: net::ERR_BLOCKED_BY_CLIENT
12:37:32 [DEBUG] [browser console:error] Failed to load resource: net::ERR_BLOCKED_BY_CLIENT
12:37:32 [DEBUG] [browser console:error] Failed to load resource: net::ERR_BLOCKED_BY_CLIENT
12:37:32 [DEBUG] [browser console:error] Failed to load resource: net::ERR_BLOCKED_BY_CLIENT
12:37:32 [DEBUG] [browser console:error] Failed to load resource: net::ERR_BLOCKED_BY_CLIENT
12:37:32 [DEBUG] [browser console:error] Failed to load resource: net::ERR_BLOCKED_BY_CLIENT
12:37:32 [DEBUG] [browser console:error] Failed to load resource: net::ERR_BLOCKED_BY_CLIENT
12:37:32 [DEBUG] [browser console:error] Failed to load resource: net::ERR_BLOCKED_BY_CLIENT
12:37:32 [DEBUG] [browser console:error] Failed to load resource: net::ERR_BLOCKED_BY_CLIENT
12:37:32 [DEBUG] [browser console:error] Failed to load resource: net::ERR_BLOCKED_BY_CLIENT
12:37:32 [DEBUG] [browser console:error] Failed to load resource: net::ERR_BLOCKED_BY_CLIENT
12:37:32 [DEBUG] [browser console:error] Failed to load resource: net::ERR_BLOCKED_BY_CLIENT
12:37:32 [DEBUG] [browser console:error] Failed to load resource: net::ERR_BLOCKED_BY_CLIENT
12:37:32 [DEBUG] [browser console:error] Failed to load resource: net::ERR_BLOCKED_BY_CLIENT
12:37:32 [DEBUG] [browser console:error] Failed to load resource: net::ERR_BLOCKED_BY_CLIENT
12:37:32 [DEBUG] [browser console:error] Failed to load resource: net::ERR_BLOCKED_BY_CLIENT
12:37:32 [DEBUG] [browser console:error] Failed to load resource: net::ERR_BLOCKED_BY_CLIENT
12:37:32 [DEBUG] [browser console:error] Failed to load resource: net::ERR_BLOCKED_BY_CLIENT
12:37:32 [DEBUG] [browser console:error] Failed to load resource: net::ERR_BLOCKED_BY_CLIENT
12:37:32 [DEBUG] [browser console:error] Failed to load resource: net::ERR_BLOCKED_BY_CLIENT
12:37:32 [DEBUG] [browser console:error] Failed to load resource: net::ERR_BLOCKED_BY_CLIENT
12:37:32 [DEBUG] [browser console:error] Failed to load resource: net::ERR_BLOCKED_BY_CLIENT
12:37:32 [DEBUG] [browser console:error] Failed to load resource: net::ERR_BLOCKED_BY_CLIENT
12:37:32 [DEBUG] [browser console:error] Failed to load resource: net::ERR_BLOCKED_BY_CLIENT
12:37:32 [DEBUG] [browser console:error] Failed to load resource: net::ERR_BLOCKED_BY_CLIENT
12:37:32 [DEBUG] [browser console:error] Failed to load resource: net::ERR_BLOCKED_BY_CLIENT
12:37:32 [DEBUG] [browser console:error] Failed to load resource: net::ERR_BLOCKED_BY_CLIENT
12:37:32 [DEBUG] [browser console:error] Failed to load resource: net::ERR_BLOCKED_BY_CLIENT
12:37:32 [DEBUG] [browser console:error] Failed to load resource: net::ERR_BLOCKED_BY_CLIENT
12:37:32 [DEBUG] [browser console:error] Failed to load resource: net::ERR_BLOCKED_BY_CLIENT
12:37:32 [DEBUG] [browser console:error] Failed to load resource: net::ERR_BLOCKED_BY_CLIENT
12:37:32 [DEBUG] [browser console:error] Failed to load resource: net::ERR_BLOCKED_BY_CLIENT
12:37:32 [DEBUG] [browser console:error] Failed to load resource: net::ERR_BLOCKED_BY_CLIENT
12:37:32 [DEBUG] [browser console:error] Failed to load resource: net::ERR_BLOCKED_BY_CLIENT
12:37:32 [DEBUG] [browser console:error] Failed to load resource: net::ERR_BLOCKED_BY_CLIENT
12:37:32 [DEBUG] [browser console:error] Failed to load resource: net::ERR_BLOCKED_BY_CLIENT
12:37:32 [DEBUG] [browser console:error] Failed to load resource: net::ERR_BLOCKED_BY_CLIENT
12:37:32 [DEBUG] [browser console:error] Failed to load resource: net::ERR_BLOCKED_BY_CLIENT
12:37:32 [DEBUG] [browser console:error] Failed to load resource: net::ERR_BLOCKED_BY_CLIENT
12:37:32 [DEBUG] [browser console:error] Failed to load resource: net::ERR_BLOCKED_BY_CLIENT
12:37:32 [DEBUG] [browser console:error] Failed to load resource: net::ERR_BLOCKED_BY_CLIENT
12:37:32 [DEBUG] [browser console:error] Failed to load resource: net::ERR_BLOCKED_BY_CLIENT
12:37:32 [DEBUG] [browser console:error] Failed to load resource: net::ERR_BLOCKED_BY_CLIENT
12:37:32 [DEBUG] [browser console:error] Failed to load resource: net::ERR_BLOCKED_BY_CLIENT
12:37:32 [DEBUG] [browser console:error] Failed to load resource: net::ERR_BLOCKED_BY_CLIENT
12:37:32 [DEBUG] [browser console:error] Failed to load resource: net::ERR_BLOCKED_BY_CLIENT
12:37:32 [DEBUG] [browser console:error] Failed to load resource: net::ERR_BLOCKED_BY_CLIENT
12:37:32 [DEBUG] [browser console:error] Failed to load resource: net::ERR_BLOCKED_BY_CLIENT
12:37:32 [DEBUG] [browser console:error] Failed to load resource: net::ERR_BLOCKED_BY_CLIENT
12:37:32 [DEBUG] [browser console:error] Failed to load resource: net::ERR_BLOCKED_BY_CLIENT
12:37:32 [DEBUG] [browser console:error] Failed to load resource: net::ERR_BLOCKED_BY_CLIENT
12:37:32 [DEBUG] [browser console:error] Failed to load resource: net::ERR_BLOCKED_BY_CLIENT
12:37:32 [DEBUG] [browser console:error] Failed to load resource: net::ERR_BLOCKED_BY_CLIENT
12:37:32 [DEBUG] [browser console:error] Failed to load resource: net::ERR_BLOCKED_BY_CLIENT
12:37:32 [DEBUG] [browser console:error] Failed to load resource: net::ERR_BLOCKED_BY_CLIENT
12:37:32 [DEBUG] [browser console:error] Failed to load resource: net::ERR_BLOCKED_BY_CLIENT
12:37:32 [DEBUG] [browser console:error] Failed to load resource: net::ERR_BLOCKED_BY_CLIENT
12:37:32 [DEBUG] [browser console:error] Failed to load resource: net::ERR_BLOCKED_BY_CLIENT
12:37:32 [DEBUG] [browser console:error] Failed to load resource: net::ERR_BLOCKED_BY_CLIENT
12:37:32 [DEBUG] [browser console:error] Failed to load resource: net::ERR_BLOCKED_BY_CLIENT
12:37:32 [DEBUG] [browser console:error] Failed to load resource: net::ERR_BLOCKED_BY_CLIENT
12:37:32 [DEBUG] [browser console:error] Failed to load resource: net::ERR_BLOCKED_BY_CLIENT
12:37:32 [DEBUG] [browser console:error] Failed to load resource: net::ERR_BLOCKED_BY_CLIENT
12:37:32 [DEBUG] [browser console:error] Failed to load resource: net::ERR_BLOCKED_BY_CLIENT
12:37:32 [DEBUG] [browser console:error] Failed to load resource: net::ERR_BLOCKED_BY_CLIENT
12:37:32 [DEBUG] [browser console:error] Failed to load resource: net::ERR_BLOCKED_BY_CLIENT
12:37:32 [DEBUG] [browser console:error] Failed to load resource: net::ERR_BLOCKED_BY_CLIENT
12:37:32 [DEBUG] [browser console:error] Failed to load resource: net::ERR_BLOCKED_BY_CLIENT
12:37:32 [DEBUG] [browser console:error] Failed to load resource: net::ERR_BLOCKED_BY_CLIENT
12:37:32 [DEBUG] [browser console:error] Failed to load resource: net::ERR_BLOCKED_BY_CLIENT
12:37:32 [DEBUG] [browser console:error] Failed to load resource: net::ERR_BLOCKED_BY_CLIENT
12:37:32 [DEBUG] [browser console:error] Failed to load resource: net::ERR_BLOCKED_BY_CLIENT
12:37:32 [DEBUG] [browser console:error] Failed to load resource: net::ERR_BLOCKED_BY_CLIENT
12:37:32 [DEBUG] [browser console:error] Failed to load resource: net::ERR_BLOCKED_BY_CLIENT
12:37:32 [DEBUG] [browser console:error] Failed to load resource: net::ERR_BLOCKED_BY_CLIENT
12:37:32 [DEBUG] [browser console:error] Failed to load resource: net::ERR_BLOCKED_BY_CLIENT
12:37:32 [DEBUG] [browser console:error] Failed to load resource: net::ERR_BLOCKED_BY_CLIENT
12:37:32 [DEBUG] [browser console:error] Failed to load resource: net::ERR_BLOCKED_BY_CLIENT
12:37:32 [DEBUG] [browser console:error] Failed to load resource: net::ERR_BLOCKED_BY_CLIENT
12:37:32 [DEBUG] [browser console:error] Failed to load resource: net::ERR_BLOCKED_BY_CLIENT
12:37:32 [DEBUG] [browser console:error] Failed to load resource: net::ERR_BLOCKED_BY_CLIENT
12:37:32 [DEBUG] [browser console:error] Failed to load resource: net::ERR_BLOCKED_BY_CLIENT
12:37:32 [DEBUG] [browser console:error] Failed to load resource: net::ERR_BLOCKED_BY_CLIENT
12:37:32 [DEBUG] [browser console:error] Failed to load resource: net::ERR_CONNECTION_TIMED_OUT
12:37:32 [DEBUG] [browser console:error] Failed to load resource: net::ERR_BLOCKED_BY_CLIENT
12:37:32 [DEBUG] [browser console:error] Failed to load resource: net::ERR_BLOCKED_BY_CLIENT
12:37:32 [DEBUG] [browser console:error] Failed to load resource: net::ERR_CONNECTION_TIMED_OUT
12:37:32 [DEBUG] [browser console:error] Failed to load resource: net::ERR_BLOCKED_BY_CLIENT
12:37:32 [DEBUG] [browser console:error] Failed to load resource: net::ERR_BLOCKED_BY_CLIENT
12:37:32 [DEBUG] [browser console:error] Failed to load resource: net::ERR_BLOCKED_BY_CLIENT
12:37:32 [DEBUG] [browser console:error] Failed to load resource: net::ERR_BLOCKED_BY_CLIENT
12:37:32 [DEBUG] [browser console:error] Failed to load resource: net::ERR_BLOCKED_BY_CLIENT
12:37:32 [DEBUG] [browser console:error] Failed to load resource: net::ERR_BLOCKED_BY_CLIENT
12:37:32 [DEBUG] [browser console:error] Failed to load resource: net::ERR_BLOCKED_BY_CLIENT
12:37:32 [DEBUG] [browser console:error] Failed to load resource: net::ERR_BLOCKED_BY_CLIENT
12:37:32 [DEBUG] [browser console:error] Failed to load resource: net::ERR_BLOCKED_BY_CLIENT
12:37:32 [DEBUG] [browser console:error] Failed to load resource: net::ERR_BLOCKED_BY_CLIENT
12:37:32 [DEBUG] [browser console:error] Failed to load resource: net::ERR_BLOCKED_BY_CLIENT
12:37:32 [DEBUG] [browser console:error] Failed to load resource: net::ERR_BLOCKED_BY_CLIENT
12:37:32 [DEBUG] [browser console:error] Failed to load resource: net::ERR_BLOCKED_BY_CLIENT
12:37:32 [DEBUG] [browser console:error] Failed to load resource: net::ERR_BLOCKED_BY_CLIENT
12:37:32 [DEBUG] [browser console:error] Failed to load resource: net::ERR_BLOCKED_BY_CLIENT
12:37:32 [DEBUG] [browser console:error] Failed to load resource: net::ERR_BLOCKED_BY_CLIENT
12:37:32 [DEBUG] [browser console:error] Failed to load resource: net::ERR_BLOCKED_BY_CLIENT
12:37:32 [DEBUG] [browser console:error] Failed to load resource: net::ERR_BLOCKED_BY_CLIENT
12:37:32 [DEBUG] [browser console:error] Failed to load resource: net::ERR_BLOCKED_BY_CLIENT
12:37:32 [DEBUG] [browser console:error] Failed to load resource: net::ERR_BLOCKED_BY_CLIENT
12:37:32 [DEBUG] [browser console:error] Failed to load resource: net::ERR_BLOCKED_BY_CLIENT
12:37:32 [DEBUG] [browser console:error] Failed to load resource: net::ERR_BLOCKED_BY_CLIENT
12:37:32 [DEBUG] [browser console:error] Failed to load resource: net::ERR_BLOCKED_BY_CLIENT
12:37:32 [DEBUG] [browser console:error] Failed to load resource: net::ERR_BLOCKED_BY_CLIENT
12:37:32 [DEBUG] [browser console:error] Failed to load resource: net::ERR_BLOCKED_BY_CLIENT
12:37:32 [DEBUG] [browser console:error] Failed to load resource: net::ERR_BLOCKED_BY_CLIENT
12:37:32 [DEBUG] [browser console:error] Failed to load resource: net::ERR_BLOCKED_BY_CLIENT
12:37:32 [DEBUG] [browser console:error] Failed to load resource: net::ERR_BLOCKED_BY_CLIENT
12:37:32 [DEBUG] [browser console:error] Failed to load resource: net::ERR_BLOCKED_BY_CLIENT
12:37:32 [DEBUG] [browser console:error] Failed to load resource: net::ERR_BLOCKED_BY_CLIENT
12:37:32 [DEBUG] [browser console:error] Failed to load resource: net::ERR_BLOCKED_BY_CLIENT
12:37:32 [DEBUG] [browser console:error] Failed to load resource: net::ERR_BLOCKED_BY_CLIENT
12:37:32 [DEBUG] [browser console:error] Failed to load resource: net::ERR_BLOCKED_BY_CLIENT
12:37:32 [DEBUG] [browser console:error] Failed to load resource: net::ERR_BLOCKED_BY_CLIENT
12:37:32 [DEBUG] [browser console:error] Failed to load resource: net::ERR_BLOCKED_BY_CLIENT
12:37:32 [DEBUG] [browser console:error] Failed to load resource: net::ERR_BLOCKED_BY_CLIENT
12:37:32 [DEBUG] [browser console:error] Failed to load resource: net::ERR_BLOCKED_BY_CLIENT
12:37:32 [DEBUG] [browser console:error] Failed to load resource: net::ERR_BLOCKED_BY_CLIENT
12:37:32 [DEBUG] [browser console:error] Failed to load resource: net::ERR_BLOCKED_BY_CLIENT
12:37:32 [DEBUG] [browser console:error] Failed to load resource: net::ERR_BLOCKED_BY_CLIENT
12:37:32 [DEBUG] [browser console:error] Failed to load resource: net::ERR_BLOCKED_BY_CLIENT
12:37:32 [DEBUG] [browser console:error] Failed to load resource: net::ERR_BLOCKED_BY_CLIENT
12:37:32 [DEBUG] [browser console:error] Failed to load resource: net::ERR_BLOCKED_BY_CLIENT
12:37:32 [DEBUG] [browser console:error] Failed to load resource: net::ERR_BLOCKED_BY_CLIENT
12:37:32 [DEBUG] [browser console:error] Failed to load resource: net::ERR_BLOCKED_BY_CLIENT
12:37:32 [DEBUG] [browser console:error] Failed to load resource: net::ERR_BLOCKED_BY_CLIENT
12:37:32 [DEBUG] [browser console:error] Failed to load resource: net::ERR_BLOCKED_BY_CLIENT
12:37:32 [DEBUG] [browser console:error] Failed to load resource: net::ERR_BLOCKED_BY_CLIENT
12:37:32 [DEBUG] [browser console:error] Failed to load resource: net::ERR_BLOCKED_BY_CLIENT
12:37:32 [DEBUG] [browser console:error] Failed to load resource: net::ERR_BLOCKED_BY_CLIENT
12:37:32 [DEBUG] [browser console:error] Failed to load resource: net::ERR_BLOCKED_BY_CLIENT
12:37:32 [DEBUG] [browser console:error] Failed to load resource: net::ERR_BLOCKED_BY_CLIENT
12:37:32 [DEBUG] [browser console:error] Failed to load resource: net::ERR_BLOCKED_BY_CLIENT
12:37:32 [DEBUG] [browser console:error] Failed to load resource: net::ERR_BLOCKED_BY_CLIENT
12:37:32 [DEBUG] [browser console:error] Failed to load resource: net::ERR_BLOCKED_BY_CLIENT
12:37:32 [DEBUG] [browser console:error] Failed to load resource: net::ERR_BLOCKED_BY_CLIENT
12:37:32 [DEBUG] [browser console:error] Failed to load resource: net::ERR_BLOCKED_BY_CLIENT
12:37:32 [DEBUG] [browser console:error] Failed to load resource: net::ERR_BLOCKED_BY_CLIENT
12:37:32 [DEBUG] [browser console:error] Failed to load resource: net::ERR_BLOCKED_BY_CLIENT
12:37:32 [DEBUG] [browser console:error] Failed to load resource: net::ERR_BLOCKED_BY_CLIENT
12:37:32 [DEBUG] [browser console:error] Failed to load resource: net::ERR_BLOCKED_BY_CLIENT
12:37:32 [DEBUG] [browser console:error] Failed to load resource: net::ERR_BLOCKED_BY_CLIENT
12:37:32 [DEBUG] [browser console:error] Failed to load resource: net::ERR_BLOCKED_BY_CLIENT
12:37:32 [DEBUG] [browser console:error] Failed to load resource: net::ERR_BLOCKED_BY_CLIENT
12:37:32 [DEBUG] [browser console:error] Failed to load resource: net::ERR_BLOCKED_BY_CLIENT
12:37:32 [DEBUG] [browser console:error] Failed to load resource: net::ERR_BLOCKED_BY_CLIENT
12:37:32 [DEBUG] [browser console:error] Failed to load resource: net::ERR_BLOCKED_BY_CLIENT
12:37:32 [DEBUG] [browser console:error] Failed to load resource: net::ERR_BLOCKED_BY_CLIENT
12:37:32 [DEBUG] [browser console:error] Failed to load resource: net::ERR_BLOCKED_BY_CLIENT
12:37:32 [DEBUG] [browser console:error] Failed to load resource: net::ERR_BLOCKED_BY_CLIENT
12:37:32 [DEBUG] [browser console:error] Failed to load resource: net::ERR_BLOCKED_BY_CLIENT
12:37:32 [DEBUG] [browser console:error] Failed to load resource: net::ERR_BLOCKED_BY_CLIENT
12:37:32 [DEBUG] [browser console:error] Failed to load resource: net::ERR_BLOCKED_BY_CLIENT
12:37:32 [DEBUG] [browser console:error] Failed to load resource: net::ERR_BLOCKED_BY_CLIENT
12:37:32 [DEBUG] [browser console:error] Failed to load resource: net::ERR_BLOCKED_BY_CLIENT
12:37:32 [DEBUG] [browser console:error] Failed to load resource: net::ERR_BLOCKED_BY_CLIENT
12:37:32 [DEBUG] [browser console:error] Failed to load resource: net::ERR_BLOCKED_BY_CLIENT
12:37:32 [DEBUG] [browser console:error] Failed to load resource: net::ERR_BLOCKED_BY_CLIENT
12:37:32 [DEBUG] [browser console:error] Failed to load resource: net::ERR_BLOCKED_BY_CLIENT
12:37:32 [DEBUG] [browser console:error] Failed to load resource: net::ERR_BLOCKED_BY_CLIENT
12:37:32 [DEBUG] [browser console:error] Failed to load resource: net::ERR_BLOCKED_BY_CLIENT
12:37:32 [DEBUG] [browser console:error] Failed to load resource: net::ERR_BLOCKED_BY_CLIENT
12:37:32 [DEBUG] [browser console:error] Failed to load resource: net::ERR_BLOCKED_BY_CLIENT
12:37:32 [DEBUG] [browser console:error] Failed to load resource: net::ERR_BLOCKED_BY_CLIENT
12:37:32 [DEBUG] [browser console:error] Failed to load resource: net::ERR_BLOCKED_BY_CLIENT
12:37:32 [DEBUG] [browser console:error] Failed to load resource: net::ERR_BLOCKED_BY_CLIENT
12:37:32 [DEBUG] [browser console:error] Failed to load resource: net::ERR_BLOCKED_BY_CLIENT
12:37:32 [DEBUG] [browser console:error] Failed to load resource: net::ERR_BLOCKED_BY_CLIENT
12:37:32 [DEBUG] [browser console:error] Failed to load resource: net::ERR_BLOCKED_BY_CLIENT
12:37:32 [DEBUG] [browser console:error] Failed to load resource: net::ERR_BLOCKED_BY_CLIENT
12:37:32 [DEBUG] [browser console:error] Failed to load resource: net::ERR_BLOCKED_BY_CLIENT
12:37:32 [DEBUG] [browser console:error] Failed to load resource: net::ERR_BLOCKED_BY_CLIENT
12:37:32 [DEBUG] [browser console:error] Failed to load resource: net::ERR_BLOCKED_BY_CLIENT
12:37:32 [DEBUG] [browser console:error] Failed to load resource: net::ERR_BLOCKED_BY_CLIENT
12:37:32 [DEBUG] [browser console:error] Failed to load resource: net::ERR_BLOCKED_BY_CLIENT
12:37:32 [DEBUG] [browser console:error] Failed to load resource: net::ERR_BLOCKED_BY_CLIENT
12:37:32 [DEBUG] [browser console:error] Failed to load resource: net::ERR_BLOCKED_BY_CLIENT
12:37:32 [DEBUG] [browser console:error] Failed to load resource: net::ERR_BLOCKED_BY_CLIENT
12:37:32 [DEBUG] [browser console:error] Failed to load resource: net::ERR_BLOCKED_BY_CLIENT
12:37:32 [DEBUG] [browser console:error] Failed to load resource: net::ERR_BLOCKED_BY_CLIENT
12:37:32 [DEBUG] [browser console:error] Failed to load resource: net::ERR_BLOCKED_BY_CLIENT
12:37:32 [DEBUG] [browser console:error] Failed to load resource: net::ERR_BLOCKED_BY_CLIENT
12:37:32 [DEBUG] [browser console:error] Failed to load resource: net::ERR_BLOCKED_BY_CLIENT
12:37:32 [DEBUG] [browser console:error] Failed to load resource: net::ERR_BLOCKED_BY_CLIENT
12:37:32 [DEBUG] [browser console:error] Failed to load resource: net::ERR_BLOCKED_BY_CLIENT
12:37:32 [DEBUG] Saved screenshot: run_output\screenshots\step_1_pause_for_user.png
12:37:32 [DEBUG] Requesting AI description of screenshot from Ollama...
12:37:37 [INFO] --- Step 3/9: screenshot ---
12:37:37 [DEBUG] Step 3 params: {'action': 'screenshot', 'name': 'after_login'}
12:37:37 [DEBUG] [browser console:error] Failed to load resource: net::ERR_BLOCKED_BY_CLIENT
12:37:37 [DEBUG] [browser console:error] Failed to load resource: net::ERR_BLOCKED_BY_CLIENT
12:37:37 [DEBUG] [browser console:error] Failed to load resource: net::ERR_BLOCKED_BY_CLIENT
12:37:37 [DEBUG] [browser console:error] Failed to load resource: net::ERR_BLOCKED_BY_CLIENT
12:37:37 [DEBUG] [browser console:error] Failed to load resource: net::ERR_BLOCKED_BY_CLIENT
12:37:37 [DEBUG] [browser console:error] Failed to load resource: net::ERR_BLOCKED_BY_CLIENT
12:37:37 [DEBUG] [browser console:error] Failed to load resource: net::ERR_BLOCKED_BY_CLIENT
12:37:37 [DEBUG] [browser console:error] Failed to load resource: net::ERR_BLOCKED_BY_CLIENT
12:37:37 [DEBUG] [browser console:error] Failed to load resource: net::ERR_BLOCKED_BY_CLIENT
12:37:37 [DEBUG] [browser console:error] Failed to load resource: net::ERR_BLOCKED_BY_CLIENT
12:37:37 [DEBUG] [browser console:error] Failed to load resource: net::ERR_BLOCKED_BY_CLIENT
12:37:37 [DEBUG] [browser console:error] Failed to load resource: net::ERR_BLOCKED_BY_CLIENT
12:37:37 [DEBUG] [browser console:error] Failed to load resource: net::ERR_BLOCKED_BY_CLIENT
12:37:37 [DEBUG] [browser console:error] Failed to load resource: net::ERR_BLOCKED_BY_CLIENT
12:37:37 [DEBUG] [browser console:error] Failed to load resource: net::ERR_BLOCKED_BY_CLIENT
12:37:37 [DEBUG] [browser console:error] Failed to load resource: net::ERR_BLOCKED_BY_CLIENT
12:37:37 [DEBUG] [browser console:error] Failed to load resource: net::ERR_BLOCKED_BY_CLIENT
12:37:37 [DEBUG] [browser console:error] Failed to load resource: net::ERR_BLOCKED_BY_CLIENT
12:37:37 [DEBUG] [browser console:error] Failed to load resource: net::ERR_BLOCKED_BY_CLIENT
12:37:37 [DEBUG] [browser console:error] Failed to load resource: net::ERR_BLOCKED_BY_CLIENT
12:37:37 [DEBUG] [browser console:error] Failed to load resource: net::ERR_BLOCKED_BY_CLIENT
12:37:37 [DEBUG] [browser console:error] Failed to load resource: net::ERR_BLOCKED_BY_CLIENT
12:37:37 [DEBUG] [browser console:error] Failed to load resource: net::ERR_BLOCKED_BY_CLIENT
12:37:37 [DEBUG] [browser console:error] Failed to load resource: net::ERR_BLOCKED_BY_CLIENT
12:37:37 [DEBUG] [browser console:error] Failed to load resource: net::ERR_BLOCKED_BY_CLIENT
12:37:37 [DEBUG] [browser console:error] Failed to load resource: net::ERR_BLOCKED_BY_CLIENT
12:37:37 [DEBUG] [browser console:error] Failed to load resource: net::ERR_BLOCKED_BY_CLIENT
12:37:37 [DEBUG] [browser console:error] Failed to load resource: net::ERR_BLOCKED_BY_CLIENT
12:37:37 [DEBUG] [browser console:error] Failed to load resource: net::ERR_BLOCKED_BY_CLIENT
12:37:37 [DEBUG] [browser console:error] Failed to load resource: net::ERR_BLOCKED_BY_CLIENT
12:37:37 [DEBUG] [browser console:error] Failed to load resource: net::ERR_BLOCKED_BY_CLIENT
12:37:37 [DEBUG] [browser console:error] Failed to load resource: net::ERR_BLOCKED_BY_CLIENT
12:37:37 [DEBUG] [browser console:error] Failed to load resource: net::ERR_BLOCKED_BY_CLIENT
12:37:37 [DEBUG] [browser console:error] Failed to load resource: net::ERR_BLOCKED_BY_CLIENT
12:37:37 [DEBUG] [browser console:error] Failed to load resource: net::ERR_BLOCKED_BY_CLIENT
12:37:37 [DEBUG] [browser console:error] Failed to load resource: net::ERR_BLOCKED_BY_CLIENT
12:37:37 [DEBUG] [browser console:error] Failed to load resource: net::ERR_BLOCKED_BY_CLIENT
12:37:37 [DEBUG] [browser console:error] Failed to load resource: net::ERR_BLOCKED_BY_CLIENT
12:37:37 [DEBUG] [browser console:error] Failed to load resource: net::ERR_BLOCKED_BY_CLIENT
12:37:37 [DEBUG] [browser console:error] Failed to load resource: net::ERR_BLOCKED_BY_CLIENT
12:37:37 [DEBUG] [browser console:error] Failed to load resource: net::ERR_BLOCKED_BY_CLIENT
12:37:37 [DEBUG] [browser console:error] Failed to load resource: net::ERR_BLOCKED_BY_CLIENT
12:37:37 [DEBUG] [browser console:error] Failed to load resource: net::ERR_BLOCKED_BY_CLIENT
12:37:37 [INFO] Step 3 OK (0.24s) -- now at https://www.linkedin.com/feed/
12:37:37 [DEBUG] [browser console:error] Failed to load resource: net::ERR_BLOCKED_BY_CLIENT
12:37:37 [DEBUG] Saved screenshot: run_output\screenshots\step_2_screenshot.png
12:37:37 [DEBUG] Requesting AI description of screenshot from Ollama...
12:37:41 [INFO] --- Step 4/9: goto ---
12:37:41 [DEBUG] Step 4 params: {'action': 'goto', 'url': 'https://www.linkedin.com/jobs/'}
12:37:41 [DEBUG] [browser console:error] Failed to load resource: net::ERR_BLOCKED_BY_CLIENT
12:37:41 [DEBUG] [browser console:error] Failed to load resource: net::ERR_BLOCKED_BY_CLIENT
12:37:41 [DEBUG] [browser console:error] Failed to load resource: net::ERR_BLOCKED_BY_CLIENT
12:37:41 [DEBUG] [browser console:error] Failed to load resource: net::ERR_BLOCKED_BY_CLIENT
12:37:41 [DEBUG] [browser console:error] Failed to load resource: net::ERR_BLOCKED_BY_CLIENT
12:37:41 [DEBUG] [browser console:error] Failed to load resource: net::ERR_BLOCKED_BY_CLIENT
12:37:41 [DEBUG] [browser console:error] Failed to load resource: net::ERR_BLOCKED_BY_CLIENT
12:37:41 [DEBUG] [browser console:error] Failed to load resource: net::ERR_BLOCKED_BY_CLIENT
12:37:41 [DEBUG] [browser console:error] Failed to load resource: net::ERR_BLOCKED_BY_CLIENT
12:37:41 [DEBUG] [browser console:error] Failed to load resource: net::ERR_BLOCKED_BY_CLIENT
12:37:41 [DEBUG] [browser console:error] Failed to load resource: net::ERR_BLOCKED_BY_CLIENT
12:37:41 [DEBUG] [browser console:error] Failed to load resource: net::ERR_BLOCKED_BY_CLIENT
12:37:41 [DEBUG] [browser console:error] Failed to load resource: net::ERR_BLOCKED_BY_CLIENT
12:37:41 [DEBUG] [browser console:error] Failed to load resource: net::ERR_BLOCKED_BY_CLIENT
12:37:41 [DEBUG] [browser console:error] Failed to load resource: net::ERR_BLOCKED_BY_CLIENT
12:37:41 [DEBUG] [browser console:error] Failed to load resource: net::ERR_BLOCKED_BY_CLIENT
12:37:41 [DEBUG] [browser console:error] Failed to load resource: net::ERR_BLOCKED_BY_CLIENT
12:37:41 [DEBUG] [browser console:error] Failed to load resource: net::ERR_BLOCKED_BY_CLIENT
12:37:41 [DEBUG] [browser console:error] Failed to load resource: net::ERR_BLOCKED_BY_CLIENT
12:37:41 [DEBUG] [browser console:error] Failed to load resource: net::ERR_BLOCKED_BY_CLIENT
12:37:41 [DEBUG] [browser console:error] Failed to load resource: net::ERR_BLOCKED_BY_CLIENT
12:37:41 [DEBUG] [browser console:error] Failed to load resource: net::ERR_BLOCKED_BY_CLIENT
12:37:41 [DEBUG] [browser console:error] Failed to load resource: net::ERR_BLOCKED_BY_CLIENT
12:37:41 [DEBUG] [browser console:error] Failed to load resource: net::ERR_BLOCKED_BY_CLIENT
12:37:41 [DEBUG] [browser console:error] Failed to load resource: net::ERR_BLOCKED_BY_CLIENT
12:37:41 [DEBUG] [browser console:error] Failed to load resource: net::ERR_BLOCKED_BY_CLIENT
12:37:41 [DEBUG] [browser console:error] Failed to load resource: net::ERR_BLOCKED_BY_CLIENT
12:37:41 [DEBUG] [browser console:error] Failed to load resource: net::ERR_BLOCKED_BY_CLIENT
12:37:41 [DEBUG] [browser console:error] Failed to load resource: net::ERR_BLOCKED_BY_CLIENT
12:37:41 [DEBUG] [browser console:error] Failed to load resource: net::ERR_BLOCKED_BY_CLIENT
12:37:41 [DEBUG] [browser console:error] Failed to load resource: net::ERR_BLOCKED_BY_CLIENT
12:37:41 [DEBUG] [browser console:error] Failed to load resource: net::ERR_BLOCKED_BY_CLIENT
12:37:41 [DEBUG] [browser console:error] Failed to load resource: net::ERR_BLOCKED_BY_CLIENT
12:37:41 [DEBUG] [browser console:error] Failed to load resource: net::ERR_BLOCKED_BY_CLIENT
12:37:41 [DEBUG] [browser console:error] Failed to load resource: net::ERR_BLOCKED_BY_CLIENT
12:37:41 [DEBUG] [browser console:error] Failed to load resource: net::ERR_BLOCKED_BY_CLIENT
12:37:41 [DEBUG] [browser console:error] Failed to load resource: net::ERR_BLOCKED_BY_CLIENT
12:37:42 [DEBUG] [browser console:error] Failed to load resource: net::ERR_BLOCKED_BY_CLIENT
12:37:42 [DEBUG] [browser console:error] Failed to load resource: net::ERR_BLOCKED_BY_CLIENT
12:37:42 [DEBUG] [browser console:error] Failed to load resource: net::ERR_BLOCKED_BY_CLIENT
12:37:42 [DEBUG] [browser console:error] Failed to load resource: net::ERR_BLOCKED_BY_CLIENT
12:37:42 [DEBUG] [browser console:error] Failed to load resource: net::ERR_BLOCKED_BY_CLIENT
12:37:42 [DEBUG] [browser console:error] Failed to load resource: net::ERR_BLOCKED_BY_CLIENT
12:37:43 [INFO] Step 4 OK (1.68s) -- now at https://www.linkedin.com/jobs/
12:37:43 [DEBUG] Saved screenshot: run_output\screenshots\step_3_goto.png
12:37:43 [DEBUG] Requesting AI description of screenshot from Ollama...
12:37:49 [INFO] --- Step 5/9: wait ---
12:37:49 [DEBUG] Step 5 params: {'action': 'wait', 'seconds': 2}
12:37:51 [INFO] Step 5 OK (2.00s) -- now at https://www.linkedin.com/jobs/
12:37:51 [DEBUG] [browser console:error] Failed to load resource: net::ERR_BLOCKED_BY_CLIENT
12:37:51 [DEBUG] [browser console:error] Failed to load resource: net::ERR_BLOCKED_BY_CLIENT
12:37:51 [DEBUG] [browser console:error] Failed to load resource: net::ERR_BLOCKED_BY_CLIENT
12:37:51 [DEBUG] [browser console:error] Failed to load resource: net::ERR_BLOCKED_BY_CLIENT
12:37:51 [DEBUG] [browser console:error] Failed to load resource: net::ERR_BLOCKED_BY_CLIENT
12:37:51 [DEBUG] [browser console:error] Failed to load resource: net::ERR_BLOCKED_BY_CLIENT
12:37:51 [DEBUG] [browser console:error] Failed to load resource: net::ERR_BLOCKED_BY_CLIENT
12:37:51 [DEBUG] [browser console:error] Failed to load resource: net::ERR_BLOCKED_BY_CLIENT
12:37:51 [DEBUG] [browser console:error] Failed to load resource: net::ERR_BLOCKED_BY_CLIENT
12:37:51 [DEBUG] [browser console:error] Failed to load resource: net::ERR_BLOCKED_BY_CLIENT
12:37:51 [DEBUG] [browser console:error] Failed to load resource: net::ERR_BLOCKED_BY_CLIENT
12:37:51 [DEBUG] [browser console:error] Failed to load resource: net::ERR_BLOCKED_BY_CLIENT
12:37:51 [DEBUG] [browser console:error] Failed to load resource: net::ERR_BLOCKED_BY_CLIENT
12:37:51 [DEBUG] [browser console:error] Failed to load resource: net::ERR_BLOCKED_BY_CLIENT
12:37:51 [DEBUG] [browser console:error] Failed to load resource: net::ERR_BLOCKED_BY_CLIENT
12:37:51 [DEBUG] [browser console:error] Failed to load resource: net::ERR_BLOCKED_BY_CLIENT
12:37:51 [DEBUG] [browser console:error] Failed to load resource: net::ERR_BLOCKED_BY_CLIENT
12:37:51 [DEBUG] [browser console:error] Failed to load resource: net::ERR_BLOCKED_BY_CLIENT
12:37:51 [DEBUG] [browser console:error] Failed to load resource: net::ERR_BLOCKED_BY_CLIENT
12:37:51 [DEBUG] [browser console:error] Failed to load resource: net::ERR_BLOCKED_BY_CLIENT
12:37:51 [DEBUG] [browser console:error] Failed to load resource: net::ERR_BLOCKED_BY_CLIENT
12:37:51 [DEBUG] [browser console:error] Failed to load resource: net::ERR_BLOCKED_BY_CLIENT
12:37:51 [DEBUG] [browser console:error] Failed to load resource: net::ERR_BLOCKED_BY_CLIENT
12:37:51 [DEBUG] [browser console:error] Failed to load resource: net::ERR_BLOCKED_BY_CLIENT
12:37:51 [DEBUG] [browser console:error] Failed to load resource: net::ERR_BLOCKED_BY_CLIENT
12:37:51 [DEBUG] [browser console:error] Failed to load resource: net::ERR_BLOCKED_BY_CLIENT
12:37:51 [DEBUG] [browser console:error] Failed to load resource: net::ERR_BLOCKED_BY_CLIENT
12:37:51 [DEBUG] [browser console:error] Failed to load resource: net::ERR_BLOCKED_BY_CLIENT
12:37:51 [DEBUG] Saved screenshot: run_output\screenshots\step_4_wait.png
12:37:51 [DEBUG] Requesting AI description of screenshot from Ollama...
12:37:57 [INFO] --- Step 6/9: search_linkedin_jobs ---
12:37:57 [DEBUG] Step 6 params: {'action': 'search_linkedin_jobs', 'query': "founder's office"}
12:37:57 [DEBUG] Waiting for jobs search box (input[aria-label='Search by title, skill, or company'])...
12:37:57 [DEBUG] [browser console:error] Failed to load resource: net::ERR_BLOCKED_BY_CLIENT
12:37:57 [DEBUG] [browser console:error] Failed to load resource: net::ERR_BLOCKED_BY_CLIENT
12:37:57 [DEBUG] [browser console:error] Failed to load resource: net::ERR_BLOCKED_BY_CLIENT
12:37:57 [DEBUG] [browser console:error] Failed to load resource: net::ERR_BLOCKED_BY_CLIENT
12:37:57 [DEBUG] [browser console:error] Failed to load resource: net::ERR_BLOCKED_BY_CLIENT
12:37:57 [DEBUG] [browser console:error] Failed to load resource: net::ERR_BLOCKED_BY_CLIENT
12:37:57 [DEBUG] [browser console:error] Failed to load resource: net::ERR_BLOCKED_BY_CLIENT
12:37:57 [DEBUG] [browser console:error] Failed to load resource: net::ERR_BLOCKED_BY_CLIENT
12:37:57 [DEBUG] [browser console:error] Failed to load resource: net::ERR_BLOCKED_BY_CLIENT
12:37:57 [DEBUG] [browser console:error] Failed to load resource: net::ERR_BLOCKED_BY_CLIENT
12:37:57 [DEBUG] [browser console:error] Failed to load resource: net::ERR_BLOCKED_BY_CLIENT
12:37:57 [DEBUG] [browser console:error] Failed to load resource: net::ERR_BLOCKED_BY_CLIENT
12:37:57 [DEBUG] [browser console:error] Failed to load resource: net::ERR_BLOCKED_BY_CLIENT
12:37:57 [DEBUG] [browser console:error] Failed to load resource: net::ERR_BLOCKED_BY_CLIENT
12:37:57 [DEBUG] [browser console:error] Failed to load resource: net::ERR_BLOCKED_BY_CLIENT
12:37:57 [DEBUG] [browser console:error] Failed to load resource: net::ERR_BLOCKED_BY_CLIENT
12:37:57 [DEBUG] [browser console:error] Failed to load resource: net::ERR_BLOCKED_BY_CLIENT
12:37:57 [DEBUG] [browser console:error] Failed to load resource: net::ERR_BLOCKED_BY_CLIENT
12:37:57 [DEBUG] [browser console:error] Failed to load resource: net::ERR_BLOCKED_BY_CLIENT
12:37:57 [DEBUG] [browser console:error] Failed to load resource: net::ERR_BLOCKED_BY_CLIENT
12:37:57 [DEBUG] [browser console:error] Failed to load resource: net::ERR_BLOCKED_BY_CLIENT
12:37:57 [DEBUG] [browser console:error] Failed to load resource: net::ERR_BLOCKED_BY_CLIENT
12:37:57 [DEBUG] [browser console:error] Failed to load resource: net::ERR_BLOCKED_BY_CLIENT
12:37:57 [DEBUG] [browser console:error] Failed to load resource: net::ERR_BLOCKED_BY_CLIENT
12:37:57 [DEBUG] [browser console:error] Failed to load resource: net::ERR_BLOCKED_BY_CLIENT
12:37:57 [DEBUG] [browser console:error] Failed to load resource: net::ERR_BLOCKED_BY_CLIENT
12:37:57 [DEBUG] [browser console:error] Failed to load resource: net::ERR_BLOCKED_BY_CLIENT
12:37:57 [DEBUG] [browser console:error] Failed to load resource: net::ERR_BLOCKED_BY_CLIENT
12:37:57 [DEBUG] [browser console:error] Failed to load resource: net::ERR_BLOCKED_BY_CLIENT
12:37:57 [DEBUG] [browser console:error] Failed to load resource: net::ERR_BLOCKED_BY_CLIENT
12:37:57 [DEBUG] [browser console:error] Failed to load resource: net::ERR_BLOCKED_BY_CLIENT
12:37:57 [DEBUG] [browser console:error] Failed to load resource: net::ERR_BLOCKED_BY_CLIENT
12:37:57 [DEBUG] [browser console:error] Failed to load resource: net::ERR_BLOCKED_BY_CLIENT
12:37:57 [DEBUG] [browser console:error] Failed to load resource: net::ERR_BLOCKED_BY_CLIENT
12:37:57 [DEBUG] [browser console:error] Failed to load resource: net::ERR_BLOCKED_BY_CLIENT
12:37:57 [DEBUG] [browser console:error] Failed to load resource: net::ERR_BLOCKED_BY_CLIENT
12:37:57 [DEBUG] [browser console:error] Failed to load resource: net::ERR_BLOCKED_BY_CLIENT
12:37:57 [DEBUG] [browser console:error] Failed to load resource: net::ERR_BLOCKED_BY_CLIENT
12:37:57 [DEBUG] [browser console:error] Failed to load resource: net::ERR_BLOCKED_BY_CLIENT
12:37:57 [DEBUG] [browser console:error] Failed to load resource: net::ERR_BLOCKED_BY_CLIENT
12:37:57 [DEBUG] [browser console:error] Failed to load resource: net::ERR_BLOCKED_BY_CLIENT
12:37:57 [DEBUG] [browser console:error] Failed to load resource: net::ERR_BLOCKED_BY_CLIENT
12:37:57 [DEBUG] [browser console:error] Failed to load resource: net::ERR_BLOCKED_BY_CLIENT
12:37:57 [DEBUG] [browser console:error] Failed to load resource: net::ERR_BLOCKED_BY_CLIENT
12:37:57 [DEBUG] [browser console:error] Failed to load resource: net::ERR_BLOCKED_BY_CLIENT
12:37:57 [DEBUG] [browser console:error] Failed to load resource: net::ERR_BLOCKED_BY_CLIENT
12:37:57 [DEBUG] [browser console:error] Failed to load resource: net::ERR_BLOCKED_BY_CLIENT
12:37:57 [DEBUG] [browser console:error] Failed to load resource: net::ERR_BLOCKED_BY_CLIENT
12:37:57 [DEBUG] [browser console:error] Failed to load resource: net::ERR_BLOCKED_BY_CLIENT
12:37:57 [DEBUG] [browser console:error] Failed to load resource: net::ERR_BLOCKED_BY_CLIENT
12:37:57 [DEBUG] [browser console:error] Failed to load resource: net::ERR_BLOCKED_BY_CLIENT
12:37:57 [DEBUG] [browser console:error] Failed to load resource: net::ERR_BLOCKED_BY_CLIENT
12:37:57 [DEBUG] [browser console:error] Failed to load resource: net::ERR_BLOCKED_BY_CLIENT
12:37:57 [DEBUG] [browser console:error] Failed to load resource: net::ERR_BLOCKED_BY_CLIENT
12:37:57 [DEBUG] [browser console:error] Failed to load resource: net::ERR_BLOCKED_BY_CLIENT
12:37:57 [DEBUG] [browser console:error] Failed to load resource: net::ERR_BLOCKED_BY_CLIENT
12:37:58 [DEBUG] [browser console:error] Failed to load resource: net::ERR_BLOCKED_BY_CLIENT
12:37:58 [DEBUG] [browser console:error] Failed to load resource: net::ERR_BLOCKED_BY_CLIENT
12:37:58 [DEBUG] [browser console:error] Failed to load resource: net::ERR_BLOCKED_BY_CLIENT
12:37:58 [DEBUG] [browser console:error] Failed to load resource: net::ERR_BLOCKED_BY_CLIENT
12:37:58 [DEBUG] [browser console:error] Failed to load resource: net::ERR_BLOCKED_BY_CLIENT
12:37:58 [DEBUG] [browser console:error] Failed to load resource: net::ERR_BLOCKED_BY_CLIENT
12:37:58 [DEBUG] [browser console:error] Failed to load resource: net::ERR_BLOCKED_BY_CLIENT
12:37:58 [DEBUG] [browser console:error] Failed to load resource: net::ERR_BLOCKED_BY_CLIENT
12:37:58 [DEBUG] [browser console:error] Failed to load resource: net::ERR_BLOCKED_BY_CLIENT
12:37:59 [DEBUG] [browser console:error] Failed to load resource: net::ERR_BLOCKED_BY_CLIENT
12:37:59 [DEBUG] [browser console:error] Failed to load resource: net::ERR_BLOCKED_BY_CLIENT
12:37:59 [DEBUG] [browser console:error] Failed to load resource: net::ERR_BLOCKED_BY_CLIENT
12:37:59 [DEBUG] [browser console:error] Failed to load resource: net::ERR_BLOCKED_BY_CLIENT
12:37:59 [DEBUG] [browser console:error] Failed to load resource: net::ERR_BLOCKED_BY_CLIENT
12:37:59 [DEBUG] [browser console:error] Failed to load resource: net::ERR_BLOCKED_BY_CLIENT
12:37:59 [DEBUG] [browser console:error] Failed to load resource: net::ERR_BLOCKED_BY_CLIENT
12:37:59 [DEBUG] [browser console:error] Failed to load resource: net::ERR_BLOCKED_BY_CLIENT
12:37:59 [DEBUG] [browser console:error] Failed to load resource: net::ERR_BLOCKED_BY_CLIENT
12:38:00 [DEBUG] [browser console:error] Failed to load resource: net::ERR_BLOCKED_BY_CLIENT
12:38:00 [DEBUG] [browser console:error] Failed to load resource: net::ERR_BLOCKED_BY_CLIENT
12:38:00 [DEBUG] [browser console:error] Failed to load resource: net::ERR_BLOCKED_BY_CLIENT
12:38:00 [DEBUG] [browser console:error] Failed to load resource: net::ERR_BLOCKED_BY_CLIENT
12:38:00 [DEBUG] [browser console:error] Failed to load resource: net::ERR_BLOCKED_BY_CLIENT
12:38:00 [DEBUG] [browser console:error] Failed to load resource: net::ERR_BLOCKED_BY_CLIENT
12:38:00 [DEBUG] [browser console:error] Failed to load resource: net::ERR_BLOCKED_BY_CLIENT
12:38:00 [DEBUG] [browser console:error] Failed to load resource: net::ERR_BLOCKED_BY_CLIENT
12:38:00 [DEBUG] [browser console:error] Failed to load resource: net::ERR_BLOCKED_BY_CLIENT
12:38:01 [DEBUG] [browser console:error] Failed to load resource: net::ERR_BLOCKED_BY_CLIENT
12:38:01 [DEBUG] [browser console:error] Failed to load resource: net::ERR_BLOCKED_BY_CLIENT
12:38:01 [DEBUG] [browser console:error] Failed to load resource: net::ERR_BLOCKED_BY_CLIENT
12:38:01 [DEBUG] [browser console:error] Failed to load resource: net::ERR_BLOCKED_BY_CLIENT
12:38:01 [DEBUG] [browser console:error] Failed to load resource: net::ERR_BLOCKED_BY_CLIENT
12:38:01 [DEBUG] [browser console:error] Failed to load resource: net::ERR_BLOCKED_BY_CLIENT
12:38:01 [DEBUG] [browser console:error] Failed to load resource: net::ERR_BLOCKED_BY_CLIENT
12:38:01 [DEBUG] [browser console:error] Failed to load resource: net::ERR_BLOCKED_BY_CLIENT
12:38:01 [DEBUG] [browser console:error] Failed to load resource: net::ERR_BLOCKED_BY_CLIENT
12:38:01 [DEBUG] [browser console:error] Failed to load resource: net::ERR_BLOCKED_BY_CLIENT
12:38:02 [DEBUG] [browser console:error] Failed to load resource: net::ERR_BLOCKED_BY_CLIENT
12:38:02 [DEBUG] [browser console:error] Failed to load resource: net::ERR_BLOCKED_BY_CLIENT
12:38:02 [DEBUG] [browser console:error] Failed to load resource: net::ERR_BLOCKED_BY_CLIENT
12:38:02 [DEBUG] [browser console:error] Failed to load resource: net::ERR_BLOCKED_BY_CLIENT
12:38:02 [DEBUG] [browser console:error] Failed to load resource: net::ERR_BLOCKED_BY_CLIENT
12:38:02 [DEBUG] [browser console:error] Failed to load resource: net::ERR_BLOCKED_BY_CLIENT
12:38:02 [DEBUG] [browser console:error] Failed to load resource: net::ERR_BLOCKED_BY_CLIENT
12:38:02 [DEBUG] [browser console:error] Failed to load resource: net::ERR_BLOCKED_BY_CLIENT
12:38:03 [DEBUG] [browser console:error] Failed to load resource: net::ERR_BLOCKED_BY_CLIENT
12:38:03 [DEBUG] [browser console:error] Failed to load resource: net::ERR_BLOCKED_BY_CLIENT
12:38:03 [DEBUG] [browser console:error] Failed to load resource: net::ERR_BLOCKED_BY_CLIENT
12:38:03 [DEBUG] [browser console:error] Failed to load resource: net::ERR_BLOCKED_BY_CLIENT
12:38:03 [DEBUG] [browser console:error] Failed to load resource: net::ERR_BLOCKED_BY_CLIENT
12:38:03 [DEBUG] [browser console:error] Failed to load resource: net::ERR_BLOCKED_BY_CLIENT
12:38:03 [DEBUG] [browser console:error] Failed to load resource: net::ERR_BLOCKED_BY_CLIENT
12:38:03 [DEBUG] [browser console:error] Failed to load resource: net::ERR_BLOCKED_BY_CLIENT
12:38:03 [DEBUG] [browser console:error] Failed to load resource: net::ERR_BLOCKED_BY_CLIENT
12:38:03 [DEBUG] [browser console:error] Failed to load resource: net::ERR_BLOCKED_BY_CLIENT
12:38:04 [DEBUG] [browser console:error] Failed to load resource: net::ERR_BLOCKED_BY_CLIENT
12:38:04 [DEBUG] [browser console:error] Failed to load resource: net::ERR_BLOCKED_BY_CLIENT
12:38:04 [DEBUG] [browser console:error] Failed to load resource: net::ERR_BLOCKED_BY_CLIENT
12:38:04 [DEBUG] [browser console:error] Failed to load resource: net::ERR_BLOCKED_BY_CLIENT
12:38:04 [DEBUG] [browser console:error] Failed to load resource: net::ERR_BLOCKED_BY_CLIENT
12:38:04 [DEBUG] [browser console:error] Failed to load resource: net::ERR_BLOCKED_BY_CLIENT
12:38:05 [DEBUG] [browser console:error] Failed to load resource: net::ERR_BLOCKED_BY_CLIENT
12:38:05 [DEBUG] [browser console:error] Failed to load resource: net::ERR_BLOCKED_BY_CLIENT
12:38:05 [DEBUG] [browser console:error] Failed to load resource: net::ERR_BLOCKED_BY_CLIENT
12:38:05 [DEBUG] [browser console:error] Failed to load resource: net::ERR_BLOCKED_BY_CLIENT
12:38:05 [DEBUG] [browser console:error] Failed to load resource: net::ERR_BLOCKED_BY_CLIENT
12:38:05 [DEBUG] [browser console:error] Failed to load resource: net::ERR_BLOCKED_BY_CLIENT
12:38:05 [DEBUG] [browser console:error] Failed to load resource: net::ERR_BLOCKED_BY_CLIENT
12:38:05 [DEBUG] [browser console:error] Failed to load resource: net::ERR_BLOCKED_BY_CLIENT
12:38:06 [DEBUG] [browser console:error] Failed to load resource: net::ERR_BLOCKED_BY_CLIENT
12:38:06 [DEBUG] [browser console:error] Failed to load resource: net::ERR_BLOCKED_BY_CLIENT
12:38:06 [DEBUG] [browser console:error] Failed to load resource: net::ERR_BLOCKED_BY_CLIENT
12:38:06 [DEBUG] [browser console:error] Failed to load resource: net::ERR_BLOCKED_BY_CLIENT
12:38:06 [DEBUG] [browser console:error] Failed to load resource: net::ERR_BLOCKED_BY_CLIENT
12:38:06 [DEBUG] [browser console:error] Failed to load resource: net::ERR_BLOCKED_BY_CLIENT
12:38:06 [DEBUG] [browser console:error] Failed to load resource: net::ERR_BLOCKED_BY_CLIENT
12:38:06 [DEBUG] [browser console:error] Failed to load resource: net::ERR_BLOCKED_BY_CLIENT
12:38:06 [DEBUG] [browser console:error] Failed to load resource: net::ERR_BLOCKED_BY_CLIENT
12:38:07 [DEBUG] [browser console:error] Failed to load resource: net::ERR_BLOCKED_BY_CLIENT
12:38:07 [DEBUG] [browser console:error] Failed to load resource: net::ERR_BLOCKED_BY_CLIENT
12:38:07 [DEBUG] [browser console:error] Failed to load resource: net::ERR_BLOCKED_BY_CLIENT
12:38:07 [DEBUG] [browser console:error] Failed to load resource: net::ERR_BLOCKED_BY_CLIENT
12:38:07 [DEBUG] [browser console:error] Failed to load resource: net::ERR_BLOCKED_BY_CLIENT
12:38:07 [DEBUG] [browser console:error] Failed to load resource: net::ERR_BLOCKED_BY_CLIENT
12:38:07 [DEBUG] [browser console:error] Failed to load resource: net::ERR_BLOCKED_BY_CLIENT
12:38:07 [DEBUG] [browser console:error] Failed to load resource: net::ERR_BLOCKED_BY_CLIENT
12:38:07 [DEBUG] [browser console:error] Failed to load resource: net::ERR_BLOCKED_BY_CLIENT
12:38:08 [DEBUG] [browser console:error] Failed to load resource: net::ERR_BLOCKED_BY_CLIENT
12:38:08 [DEBUG] [browser console:error] Failed to load resource: net::ERR_BLOCKED_BY_CLIENT
12:38:08 [DEBUG] [browser console:error] Failed to load resource: net::ERR_BLOCKED_BY_CLIENT
12:38:08 [DEBUG] [browser console:error] Failed to load resource: net::ERR_BLOCKED_BY_CLIENT
12:38:08 [DEBUG] [browser console:error] Failed to load resource: net::ERR_BLOCKED_BY_CLIENT
12:38:08 [DEBUG] [browser console:error] Failed to load resource: net::ERR_BLOCKED_BY_CLIENT
12:38:08 [DEBUG] [browser console:error] Failed to load resource: net::ERR_BLOCKED_BY_CLIENT
12:38:08 [DEBUG] [browser console:error] Failed to load resource: net::ERR_BLOCKED_BY_CLIENT
12:38:08 [DEBUG] [browser console:error] Failed to load resource: net::ERR_BLOCKED_BY_CLIENT
12:38:08 [DEBUG] [browser console:error] Failed to load resource: net::ERR_BLOCKED_BY_CLIENT
12:38:09 [DEBUG] [browser console:error] Failed to load resource: net::ERR_BLOCKED_BY_CLIENT
12:38:09 [DEBUG] [browser console:error] Failed to load resource: net::ERR_BLOCKED_BY_CLIENT
12:38:09 [DEBUG] [browser console:error] Failed to load resource: net::ERR_BLOCKED_BY_CLIENT
12:38:09 [DEBUG] [browser console:error] Failed to load resource: net::ERR_BLOCKED_BY_CLIENT
12:38:09 [DEBUG] [browser console:error] Failed to load resource: net::ERR_BLOCKED_BY_CLIENT
12:38:09 [DEBUG] [browser console:error] Failed to load resource: net::ERR_BLOCKED_BY_CLIENT
12:38:09 [DEBUG] [browser console:error] Failed to load resource: net::ERR_BLOCKED_BY_CLIENT
12:38:09 [DEBUG] [browser console:error] Failed to load resource: net::ERR_BLOCKED_BY_CLIENT
12:38:09 [DEBUG] [browser console:error] Failed to load resource: net::ERR_BLOCKED_BY_CLIENT
12:38:10 [DEBUG] [browser console:error] Failed to load resource: net::ERR_BLOCKED_BY_CLIENT
12:38:10 [DEBUG] [browser console:error] Failed to load resource: net::ERR_BLOCKED_BY_CLIENT
12:38:10 [DEBUG] [browser console:error] Failed to load resource: net::ERR_BLOCKED_BY_CLIENT
12:38:10 [DEBUG] [browser console:error] Failed to load resource: net::ERR_BLOCKED_BY_CLIENT
12:38:10 [DEBUG] [browser console:error] Failed to load resource: net::ERR_BLOCKED_BY_CLIENT
12:38:10 [DEBUG] [browser console:error] Failed to load resource: net::ERR_BLOCKED_BY_CLIENT
12:38:10 [DEBUG] [browser console:error] Failed to load resource: net::ERR_BLOCKED_BY_CLIENT
12:38:10 [DEBUG] [browser console:error] Failed to load resource: net::ERR_BLOCKED_BY_CLIENT
12:38:10 [DEBUG] [browser console:error] Failed to load resource: net::ERR_BLOCKED_BY_CLIENT
12:38:11 [DEBUG] [browser console:error] Failed to load resource: net::ERR_BLOCKED_BY_CLIENT
12:38:11 [DEBUG] [browser console:error] Failed to load resource: net::ERR_BLOCKED_BY_CLIENT
12:38:11 [DEBUG] [browser console:error] Failed to load resource: net::ERR_BLOCKED_BY_CLIENT
12:38:11 [DEBUG] [browser console:error] Failed to load resource: net::ERR_BLOCKED_BY_CLIENT
12:38:11 [DEBUG] [browser console:error] Failed to load resource: net::ERR_BLOCKED_BY_CLIENT
12:38:11 [DEBUG] [browser console:error] Failed to load resource: net::ERR_BLOCKED_BY_CLIENT
12:38:11 [DEBUG] [browser console:error] Failed to load resource: net::ERR_BLOCKED_BY_CLIENT
12:38:11 [DEBUG] [browser console:error] Failed to load resource: net::ERR_BLOCKED_BY_CLIENT
12:38:11 [DEBUG] [browser console:error] Failed to load resource: net::ERR_BLOCKED_BY_CLIENT
12:38:11 [DEBUG] [browser console:error] Failed to load resource: net::ERR_BLOCKED_BY_CLIENT
12:38:12 [DEBUG] [browser console:error] Failed to load resource: net::ERR_BLOCKED_BY_CLIENT
12:38:12 [DEBUG] [browser console:error] Failed to load resource: net::ERR_BLOCKED_BY_CLIENT
12:38:12 [DEBUG] [browser console:error] Failed to load resource: net::ERR_BLOCKED_BY_CLIENT
12:38:12 [ERROR] Step 6 FAILED after 15.03s [TimeoutError] Page.wait_for_selector: Timeout 15000ms exceeded.
Call log:
  - waiting for locator("input[aria-label='Search by title, skill, or company']") to be visible
  (page was at: https://www.linkedin.com/jobs/)
12:38:12 [DEBUG] Full traceback for step 6:
Traceback (most recent call last):
  File "D:\Projects\linkedin bot\main.py", line 426, in run_task_list
    result = fn(self, step)
  File "D:\Projects\linkedin bot\main.py", line 401, in <lambda>
    "search_linkedin_jobs": lambda self, s: self.search_linkedin_jobs(s["query"]),
                                            ~~~~~~~~~~~~~~~~~~~~~~~~~^^^^^^^^^^^^
  File "D:\Projects\linkedin bot\main.py", line 351, in search_linkedin_jobs
    self.page.wait_for_selector(search_selector, timeout=15000)
    ~~~~~~~~~~~~~~~~~~~~~~~~~~~^^^^^^^^^^^^^^^^^^^^^^^^^^^^^^^^
  File "C:\Users\SarveshSwami\AppData\Local\Python\pythoncore-3.14-64\Lib\site-packages\playwright\sync_api\_generated.py", line 9033, in wait_for_selector
    self._sync(
    ~~~~~~~~~~^
        self._impl_obj.wait_for_selector(
        ^^^^^^^^^^^^^^^^^^^^^^^^^^^^^^^^^
    ...<4 lines>...
        )
        ^
    )
    ^
  File "C:\Users\SarveshSwami\AppData\Local\Python\pythoncore-3.14-64\Lib\site-packages\playwright\_impl\_sync_base.py", line 115, in _sync
    return task.result()
           ~~~~~~~~~~~^^
  File "C:\Users\SarveshSwami\AppData\Local\Python\pythoncore-3.14-64\Lib\site-packages\playwright\_impl\_page.py", line 427, in wait_for_selector
    return await self._main_frame.wait_for_selector(**locals_to_params(locals()))
           ^^^^^^^^^^^^^^^^^^^^^^^^^^^^^^^^^^^^^^^^^^^^^^^^^^^^^^^^^^^^^^^^^^^^^^
  File "C:\Users\SarveshSwami\AppData\Local\Python\pythoncore-3.14-64\Lib\site-packages\playwright\_impl\_frame.py", line 394, in wait_for_selector
    await self._channel.send(
        "waitForSelector", self._timeout, locals_to_params(locals())
    )
  File "C:\Users\SarveshSwami\AppData\Local\Python\pythoncore-3.14-64\Lib\site-packages\playwright\_impl\_connection.py", line 76, in send
    return await self._connection.wrap_api_call(
           ^^^^^^^^^^^^^^^^^^^^^^^^^^^^^^^^^^^^^
    ...<3 lines>...
    )
    ^
  File "C:\Users\SarveshSwami\AppData\Local\Python\pythoncore-3.14-64\Lib\site-packages\playwright\_impl\_connection.py", line 632, in wrap_api_call
    raise rewrite_error(error, f"{parsed_st['apiName']}: {error}") from None
playwright._impl._errors.TimeoutError: Page.wait_for_selector: Timeout 15000ms exceeded.
Call log:
  - waiting for locator("input[aria-label='Search by title, skill, or company']") to be visible


12:38:12 [DEBUG] [browser console:error] Failed to load resource: net::ERR_BLOCKED_BY_CLIENT
12:38:12 [DEBUG] [browser console:error] Failed to load resource: net::ERR_BLOCKED_BY_CLIENT
12:38:12 [DEBUG] [browser console:error] Failed to load resource: net::ERR_BLOCKED_BY_CLIENT
12:38:12 [DEBUG] Saved screenshot: run_output\screenshots\step_5_search_linkedin_jobs.png
12:38:12 [DEBUG] Requesting AI description of screenshot from Ollama...
12:38:16 [INFO] --- Step 7/9: wait ---
12:38:16 [DEBUG] Step 7 params: {'action': 'wait', 'seconds': 2}
12:38:18 [INFO] Step 7 OK (2.00s) -- now at https://www.linkedin.com/jobs/
12:38:18 [DEBUG] [browser console:error] Failed to load resource: net::ERR_BLOCKED_BY_CLIENT
12:38:18 [DEBUG] [browser console:error] Failed to load resource: net::ERR_BLOCKED_BY_CLIENT
12:38:18 [DEBUG] [browser console:error] Failed to load resource: net::ERR_BLOCKED_BY_CLIENT
12:38:18 [DEBUG] [browser console:error] Failed to load resource: net::ERR_BLOCKED_BY_CLIENT
12:38:18 [DEBUG] [browser console:error] Failed to load resource: net::ERR_BLOCKED_BY_CLIENT
12:38:18 [DEBUG] [browser console:error] Failed to load resource: net::ERR_BLOCKED_BY_CLIENT
12:38:18 [DEBUG] [browser console:error] Failed to load resource: net::ERR_BLOCKED_BY_CLIENT
12:38:18 [DEBUG] [browser console:error] Failed to load resource: net::ERR_BLOCKED_BY_CLIENT
12:38:18 [DEBUG] [browser console:error] Failed to load resource: net::ERR_BLOCKED_BY_CLIENT
12:38:18 [DEBUG] [browser console:error] Failed to load resource: net::ERR_BLOCKED_BY_CLIENT
12:38:18 [DEBUG] [browser console:error] Failed to load resource: net::ERR_BLOCKED_BY_CLIENT
12:38:18 [DEBUG] [browser console:error] Failed to load resource: net::ERR_BLOCKED_BY_CLIENT
12:38:18 [DEBUG] [browser console:error] Failed to load resource: net::ERR_BLOCKED_BY_CLIENT
12:38:18 [DEBUG] [browser console:error] Failed to load resource: net::ERR_BLOCKED_BY_CLIENT
12:38:18 [DEBUG] [browser console:error] Failed to load resource: net::ERR_BLOCKED_BY_CLIENT
12:38:18 [DEBUG] [browser console:error] Failed to load resource: net::ERR_BLOCKED_BY_CLIENT
12:38:18 [DEBUG] [browser console:error] Failed to load resource: net::ERR_BLOCKED_BY_CLIENT
12:38:18 [DEBUG] [browser console:error] Failed to load resource: net::ERR_BLOCKED_BY_CLIENT
12:38:18 [DEBUG] [browser console:error] Failed to load resource: net::ERR_BLOCKED_BY_CLIENT
12:38:18 [DEBUG] [browser console:error] Failed to load resource: net::ERR_BLOCKED_BY_CLIENT
12:38:18 [DEBUG] [browser console:error] Failed to load resource: net::ERR_BLOCKED_BY_CLIENT
12:38:18 [DEBUG] [browser console:error] Failed to load resource: net::ERR_BLOCKED_BY_CLIENT
12:38:18 [DEBUG] [browser console:error] Failed to load resource: net::ERR_BLOCKED_BY_CLIENT
12:38:18 [DEBUG] [browser console:error] Failed to load resource: net::ERR_BLOCKED_BY_CLIENT
12:38:18 [DEBUG] [browser console:error] Failed to load resource: net::ERR_BLOCKED_BY_CLIENT
12:38:18 [DEBUG] [browser console:error] Failed to load resource: net::ERR_BLOCKED_BY_CLIENT
12:38:18 [DEBUG] [browser console:error] Failed to load resource: net::ERR_BLOCKED_BY_CLIENT
12:38:18 [DEBUG] [browser console:error] Failed to load resource: net::ERR_BLOCKED_BY_CLIENT
12:38:18 [DEBUG] [browser console:error] Failed to load resource: net::ERR_BLOCKED_BY_CLIENT
12:38:18 [DEBUG] [browser console:error] Failed to load resource: net::ERR_BLOCKED_BY_CLIENT
12:38:18 [DEBUG] [browser console:error] Failed to load resource: net::ERR_BLOCKED_BY_CLIENT
12:38:18 [DEBUG] [browser console:error] Failed to load resource: net::ERR_BLOCKED_BY_CLIENT
12:38:18 [DEBUG] [browser console:error] Failed to load resource: net::ERR_BLOCKED_BY_CLIENT
12:38:18 [DEBUG] [browser console:error] Failed to load resource: net::ERR_BLOCKED_BY_CLIENT
12:38:18 [DEBUG] [browser console:error] Failed to load resource: net::ERR_BLOCKED_BY_CLIENT
12:38:18 [DEBUG] [browser console:error] Failed to load resource: net::ERR_BLOCKED_BY_CLIENT
12:38:18 [DEBUG] [browser console:error] Failed to load resource: net::ERR_BLOCKED_BY_CLIENT
12:38:18 [DEBUG] [browser console:error] Failed to load resource: net::ERR_BLOCKED_BY_CLIENT
12:38:18 [DEBUG] [browser console:error] Failed to load resource: net::ERR_BLOCKED_BY_CLIENT
12:38:18 [DEBUG] [browser console:error] Failed to load resource: net::ERR_BLOCKED_BY_CLIENT
12:38:18 [DEBUG] [browser console:error] Failed to load resource: net::ERR_BLOCKED_BY_CLIENT
12:38:18 [DEBUG] [browser console:error] Failed to load resource: net::ERR_BLOCKED_BY_CLIENT
12:38:18 [DEBUG] [browser console:error] Failed to load resource: net::ERR_BLOCKED_BY_CLIENT
12:38:18 [DEBUG] [browser console:error] Failed to load resource: net::ERR_BLOCKED_BY_CLIENT
12:38:18 [DEBUG] [browser console:error] Failed to load resource: net::ERR_BLOCKED_BY_CLIENT
12:38:18 [DEBUG] [browser console:error] Failed to load resource: net::ERR_BLOCKED_BY_CLIENT
12:38:18 [DEBUG] [browser console:error] Failed to load resource: net::ERR_BLOCKED_BY_CLIENT
12:38:18 [DEBUG] [browser console:error] Failed to load resource: net::ERR_BLOCKED_BY_CLIENT
12:38:18 [DEBUG] [browser console:error] Failed to load resource: net::ERR_BLOCKED_BY_CLIENT
12:38:18 [DEBUG] [browser console:error] Failed to load resource: net::ERR_BLOCKED_BY_CLIENT
12:38:18 [DEBUG] [browser console:error] Failed to load resource: net::ERR_BLOCKED_BY_CLIENT
12:38:18 [DEBUG] [browser console:error] Failed to load resource: net::ERR_BLOCKED_BY_CLIENT
12:38:18 [DEBUG] Saved screenshot: run_output\screenshots\step_6_wait.png
12:38:18 [DEBUG] Requesting AI description of screenshot from Ollama...
12:38:22 [INFO] --- Step 8/9: screenshot ---
12:38:22 [DEBUG] Step 8 params: {'action': 'screenshot', 'name': 'job_search_results'}
12:38:22 [DEBUG] [browser console:error] Failed to load resource: net::ERR_BLOCKED_BY_CLIENT
12:38:22 [DEBUG] [browser console:error] Failed to load resource: net::ERR_BLOCKED_BY_CLIENT
12:38:22 [DEBUG] [browser console:error] Failed to load resource: net::ERR_BLOCKED_BY_CLIENT
12:38:22 [DEBUG] [browser console:error] Failed to load resource: net::ERR_BLOCKED_BY_CLIENT
12:38:22 [DEBUG] [browser console:error] Failed to load resource: net::ERR_BLOCKED_BY_CLIENT
12:38:22 [DEBUG] [browser console:error] Failed to load resource: net::ERR_BLOCKED_BY_CLIENT
12:38:22 [DEBUG] [browser console:error] Failed to load resource: net::ERR_BLOCKED_BY_CLIENT
12:38:22 [DEBUG] [browser console:error] Failed to load resource: net::ERR_BLOCKED_BY_CLIENT
12:38:22 [DEBUG] [browser console:error] Failed to load resource: net::ERR_BLOCKED_BY_CLIENT
12:38:22 [DEBUG] [browser console:error] Failed to load resource: net::ERR_BLOCKED_BY_CLIENT
12:38:22 [DEBUG] [browser console:error] Failed to load resource: net::ERR_BLOCKED_BY_CLIENT
12:38:22 [DEBUG] [browser console:error] Failed to load resource: net::ERR_BLOCKED_BY_CLIENT
12:38:22 [DEBUG] [browser console:error] Failed to load resource: net::ERR_BLOCKED_BY_CLIENT
12:38:22 [DEBUG] [browser console:error] Failed to load resource: net::ERR_BLOCKED_BY_CLIENT
12:38:22 [DEBUG] [browser console:error] Failed to load resource: net::ERR_BLOCKED_BY_CLIENT
12:38:22 [DEBUG] [browser console:error] Failed to load resource: net::ERR_BLOCKED_BY_CLIENT
12:38:22 [DEBUG] [browser console:error] Failed to load resource: net::ERR_BLOCKED_BY_CLIENT
12:38:22 [DEBUG] [browser console:error] Failed to load resource: net::ERR_BLOCKED_BY_CLIENT
12:38:22 [DEBUG] [browser console:error] Failed to load resource: net::ERR_BLOCKED_BY_CLIENT
12:38:22 [DEBUG] [browser console:error] Failed to load resource: net::ERR_BLOCKED_BY_CLIENT
12:38:22 [DEBUG] [browser console:error] Failed to load resource: net::ERR_BLOCKED_BY_CLIENT
12:38:22 [DEBUG] [browser console:error] Failed to load resource: net::ERR_BLOCKED_BY_CLIENT
12:38:22 [DEBUG] [browser console:error] Failed to load resource: net::ERR_BLOCKED_BY_CLIENT
12:38:22 [DEBUG] [browser console:error] Failed to load resource: net::ERR_BLOCKED_BY_CLIENT
12:38:22 [DEBUG] [browser console:error] Failed to load resource: net::ERR_BLOCKED_BY_CLIENT
12:38:22 [DEBUG] [browser console:error] Failed to load resource: net::ERR_BLOCKED_BY_CLIENT
12:38:22 [DEBUG] [browser console:error] Failed to load resource: net::ERR_BLOCKED_BY_CLIENT
12:38:22 [DEBUG] [browser console:error] Failed to load resource: net::ERR_BLOCKED_BY_CLIENT
12:38:22 [DEBUG] [browser console:error] Failed to load resource: net::ERR_BLOCKED_BY_CLIENT
12:38:22 [DEBUG] [browser console:error] Failed to load resource: net::ERR_BLOCKED_BY_CLIENT
12:38:22 [DEBUG] [browser console:error] Failed to load resource: net::ERR_BLOCKED_BY_CLIENT
12:38:22 [DEBUG] [browser console:error] Failed to load resource: net::ERR_BLOCKED_BY_CLIENT
12:38:22 [DEBUG] [browser console:error] Failed to load resource: net::ERR_BLOCKED_BY_CLIENT
12:38:22 [DEBUG] [browser console:error] Failed to load resource: net::ERR_BLOCKED_BY_CLIENT
12:38:22 [DEBUG] [browser console:error] Failed to load resource: net::ERR_BLOCKED_BY_CLIENT
12:38:22 [DEBUG] [browser console:error] Failed to load resource: net::ERR_BLOCKED_BY_CLIENT
12:38:22 [DEBUG] [browser console:error] Failed to load resource: net::ERR_BLOCKED_BY_CLIENT
12:38:22 [DEBUG] [browser console:error] Failed to load resource: net::ERR_BLOCKED_BY_CLIENT
12:38:22 [DEBUG] [browser console:error] Failed to load resource: net::ERR_BLOCKED_BY_CLIENT
12:38:22 [DEBUG] [browser console:error] Failed to load resource: net::ERR_BLOCKED_BY_CLIENT
12:38:22 [DEBUG] [browser console:error] Failed to load resource: net::ERR_BLOCKED_BY_CLIENT
12:38:23 [DEBUG] [browser console:error] Failed to load resource: net::ERR_BLOCKED_BY_CLIENT
12:38:23 [INFO] Step 8 OK (0.16s) -- now at https://www.linkedin.com/jobs/
12:38:23 [DEBUG] [browser console:error] Failed to load resource: net::ERR_BLOCKED_BY_CLIENT
12:38:23 [DEBUG] Saved screenshot: run_output\screenshots\step_7_screenshot.png
12:38:23 [DEBUG] Requesting AI description of screenshot from Ollama...
12:38:26 [INFO] --- Step 9/9: extract ---
12:38:26 [DEBUG] Step 9 params: {'action': 'extract', 'selector': '.job-card-list__title, .base-search-card__title', 'save_as': 'job_titles'}
12:38:26 [DEBUG] [browser console:error] Failed to load resource: net::ERR_BLOCKED_BY_CLIENT
12:38:26 [DEBUG] [browser console:error] Failed to load resource: net::ERR_BLOCKED_BY_CLIENT
12:38:26 [DEBUG] [browser console:error] Failed to load resource: net::ERR_BLOCKED_BY_CLIENT
12:38:26 [DEBUG] [browser console:error] Failed to load resource: net::ERR_BLOCKED_BY_CLIENT
12:38:26 [DEBUG] [browser console:error] Failed to load resource: net::ERR_BLOCKED_BY_CLIENT
12:38:26 [DEBUG] [browser console:error] Failed to load resource: net::ERR_BLOCKED_BY_CLIENT
12:38:26 [DEBUG] [browser console:error] Failed to load resource: net::ERR_BLOCKED_BY_CLIENT
12:38:26 [DEBUG] [browser console:error] Failed to load resource: net::ERR_BLOCKED_BY_CLIENT
12:38:26 [DEBUG] [browser console:error] Failed to load resource: net::ERR_BLOCKED_BY_CLIENT
12:38:26 [DEBUG] [browser console:error] Failed to load resource: net::ERR_BLOCKED_BY_CLIENT
12:38:26 [DEBUG] [browser console:error] Failed to load resource: net::ERR_BLOCKED_BY_CLIENT
12:38:26 [DEBUG] [browser console:error] Failed to load resource: net::ERR_BLOCKED_BY_CLIENT
12:38:26 [DEBUG] [browser console:error] Failed to load resource: net::ERR_BLOCKED_BY_CLIENT
12:38:26 [DEBUG] [browser console:error] Failed to load resource: net::ERR_BLOCKED_BY_CLIENT
12:38:26 [DEBUG] [browser console:error] Failed to load resource: net::ERR_BLOCKED_BY_CLIENT
12:38:26 [DEBUG] [browser console:error] Failed to load resource: net::ERR_BLOCKED_BY_CLIENT
12:38:26 [DEBUG] [browser console:error] Failed to load resource: net::ERR_BLOCKED_BY_CLIENT
12:38:26 [DEBUG] [browser console:error] Failed to load resource: net::ERR_BLOCKED_BY_CLIENT
12:38:26 [DEBUG] [browser console:error] Failed to load resource: net::ERR_BLOCKED_BY_CLIENT
12:38:26 [DEBUG] [browser console:error] Failed to load resource: net::ERR_BLOCKED_BY_CLIENT
12:38:26 [DEBUG] [browser console:error] Failed to load resource: net::ERR_BLOCKED_BY_CLIENT
12:38:26 [DEBUG] [browser console:error] Failed to load resource: net::ERR_BLOCKED_BY_CLIENT
12:38:26 [DEBUG] [browser console:error] Failed to load resource: net::ERR_BLOCKED_BY_CLIENT
12:38:26 [DEBUG] [browser console:error] Failed to load resource: net::ERR_BLOCKED_BY_CLIENT
12:38:26 [DEBUG] [browser console:error] Failed to load resource: net::ERR_BLOCKED_BY_CLIENT
12:38:26 [DEBUG] [browser console:error] Failed to load resource: net::ERR_BLOCKED_BY_CLIENT
12:38:26 [DEBUG] [browser console:error] Failed to load resource: net::ERR_BLOCKED_BY_CLIENT
12:38:26 [DEBUG] [browser console:error] Failed to load resource: net::ERR_BLOCKED_BY_CLIENT
12:38:26 [DEBUG] [browser console:error] Failed to load resource: net::ERR_BLOCKED_BY_CLIENT
12:38:26 [DEBUG] [browser console:error] Failed to load resource: net::ERR_BLOCKED_BY_CLIENT
12:38:26 [DEBUG] [browser console:error] Failed to load resource: net::ERR_BLOCKED_BY_CLIENT
12:38:26 [INFO] Extracted 0 item(s) -> 'job_titles'
12:38:26 [INFO] Step 9 OK (0.02s) -- now at https://www.linkedin.com/jobs/
12:38:26 [DEBUG] [browser console:error] Failed to load resource: net::ERR_BLOCKED_BY_CLIENT
12:38:26 [DEBUG] [browser console:error] Failed to load resource: net::ERR_BLOCKED_BY_CLIENT
12:38:26 [DEBUG] Saved screenshot: run_output\screenshots\step_8_extract.png
12:38:26 [DEBUG] Requesting AI description of screenshot from Ollama...
12:38:30 [INFO] Saved results to run_output\results.json
12:38:30 [INFO] === Run complete: 8 passed, 1 failed, out of 9 ===
12:38:30 [INFO] Failed step(s):
12:38:30 [INFO]   step 5 (search_linkedin_jobs): [TimeoutError] Page.wait_for_selector: Timeout 15000ms exceeded.
Call log:
  - waiting for locator("input[aria-label='Search by title, skill, or company']") to be visible

12:38:30 [INFO] Full tracebacks for the above are in run_output\run.log -- search for 'FAILED' or the step number.
12:38:30 [INFO] Closing browser.
12:38:30 [DEBUG] [browser console:error] Failed to load resource: net::ERR_BLOCKED_BY_CLIENT
12:38:30 [DEBUG] [browser console:error] Failed to load resource: net::ERR_BLOCKED_BY_CLIENT
12:38:30 [DEBUG] [browser console:error] Failed to load resource: net::ERR_BLOCKED_BY_CLIENT
12:38:30 [DEBUG] [browser console:error] Failed to load resource: net::ERR_BLOCKED_BY_CLIENT
12:38:30 [DEBUG] [browser console:error] Failed to load resource: net::ERR_BLOCKED_BY_CLIENT
12:38:30 [DEBUG] [browser console:error] Failed to load resource: net::ERR_BLOCKED_BY_CLIENT
12:38:30 [DEBUG] [browser console:error] Failed to load resource: net::ERR_BLOCKED_BY_CLIENT
12:38:30 [DEBUG] [browser console:error] Failed to load resource: net::ERR_BLOCKED_BY_CLIENT
12:38:30 [DEBUG] [browser console:error] Failed to load resource: net::ERR_BLOCKED_BY_CLIENT
12:38:30 [DEBUG] [browser console:error] Failed to load resource: net::ERR_BLOCKED_BY_CLIENT
12:38:30 [DEBUG] [browser console:error] Failed to load resource: net::ERR_BLOCKED_BY_CLIENT
12:38:30 [DEBUG] [browser console:error] Failed to load resource: net::ERR_BLOCKED_BY_CLIENT
12:38:30 [DEBUG] [browser console:error] Failed to load resource: net::ERR_BLOCKED_BY_CLIENT
12:38:30 [DEBUG] [browser console:error] Failed to load resource: net::ERR_BLOCKED_BY_CLIENT
12:38:30 [DEBUG] [browser console:error] Failed to load resource: net::ERR_BLOCKED_BY_CLIENT
12:38:30 [DEBUG] [browser console:error] Failed to load resource: net::ERR_BLOCKED_BY_CLIENT
12:38:30 [DEBUG] [browser console:error] Failed to load resource: net::ERR_BLOCKED_BY_CLIENT
12:38:30 [DEBUG] [browser console:error] Failed to load resource: net::ERR_BLOCKED_BY_CLIENT
12:38:30 [DEBUG] [browser console:error] Failed to load resource: net::ERR_BLOCKED_BY_CLIENT
12:38:30 [DEBUG] [browser console:error] Failed to load resource: net::ERR_BLOCKED_BY_CLIENT
12:38:30 [DEBUG] [browser console:error] Failed to load resource: net::ERR_BLOCKED_BY_CLIENT
12:38:30 [DEBUG] [browser console:error] Failed to load resource: net::ERR_BLOCKED_BY_CLIENT
12:38:30 [DEBUG] [browser console:error] Failed to load resource: net::ERR_BLOCKED_BY_CLIENT
12:38:30 [DEBUG] [browser console:error] Failed to load resource: net::ERR_BLOCKED_BY_CLIENT
12:38:30 [DEBUG] [browser console:error] Failed to load resource: net::ERR_BLOCKED_BY_CLIENT
12:38:30 [DEBUG] [browser console:error] Failed to load resource: net::ERR_BLOCKED_BY_CLIENT
12:38:30 [DEBUG] [browser console:error] Failed to load resource: net::ERR_BLOCKED_BY_CLIENT
12:38:30 [DEBUG] [browser console:error] Failed to load resource: net::ERR_CONNECTION_TIMED_OUT
12:38:30 [DEBUG] [browser console:error] Failed to load resource: net::ERR_BLOCKED_BY_CLIENT
12:38:30 [DEBUG] [browser console:error] Failed to load resource: net::ERR_BLOCKED_BY_CLIENT
12:38:30 [DEBUG] [browser console:error] Failed to load resource: net::ERR_BLOCKED_BY_CLIENT
12:38:30 [DEBUG] [browser console:error] Failed to load resource: net::ERR_BLOCKED_BY_CLIENT
12:38:30 [DEBUG] [browser console:error] Failed to load resource: net::ERR_BLOCKED_BY_CLIENT
12:38:30 [DEBUG] [browser console:error] Failed to load resource: net::ERR_BLOCKED_BY_CLIENT
12:38:30 [DEBUG] [browser console:error] Failed to load resource: net::ERR_BLOCKED_BY_CLIENT
12:38:30 [DEBUG] [browser console:error] Failed to load resource: net::ERR_BLOCKED_BY_CLIENT
12:38:30 [DEBUG] [browser console:error] Failed to load resource: net::ERR_BLOCKED_BY_CLIENT
12:52:52 [INFO] Logging to console (level=INFO) and to run_output\run.log (level=DEBUG)
12:52:52 [INFO] Starting browser (headless=False, channel=bundled chromium) -- fresh, logged-out profile.
12:52:53 [INFO] Browser started.
12:52:53 [INFO] === Starting run: 9 step(s) ===
12:52:53 [INFO] --- Step 1/9: login_linkedin ---
12:52:53 [DEBUG] Step 1 params: {'action': 'login_linkedin'}
12:52:53 [INFO] Navigating to LinkedIn login page...
12:52:54 [INFO] PAUSED: Please log in to LinkedIn manually in the browser window (including any 2FA or security checkpoint), then press Enter here to continue.
12:53:27 [INFO] Resumed by user.
12:53:27 [DEBUG] [browser console:warning] [GSI_LOGGER]: Your client application may not display the Google One Tap in its default position. When FedCM becomes mandatory, One Tap only displays in the default position. Refer to the migration guide to update your code accordingly and opt-in to FedCM to test your changes. Learn more: https://developers.google.com/identity/gsi/web/guides/fedcm-migration?s=dc#layout
12:53:27 [DEBUG] [browser console:warning] [GSI_LOGGER]: Your client application uses one of the Google One Tap prompt UI status methods that may stop functioning when FedCM becomes mandatory. Refer to the migration guide to update your code accordingly and opt-in to FedCM to test your changes. Learn more: https://developers.google.com/identity/gsi/web/guides/fedcm-migration?s=dc#display_moment and https://developers.google.com/identity/gsi/web/guides/fedcm-migration?s=dc#skipped_moment
12:53:27 [DEBUG] [browser console:warning] [GSI_LOGGER]: Currently, you disable FedCM on Google One Tap. FedCM for One Tap will become mandatory starting Oct 2024, and you won’t be able to disable it. Refer to the migration guide to update your code accordingly to ensure users will not be blocked from logging in. Learn more: https://developers.google.com/identity/gsi/web/guides/fedcm-migration
12:53:27 [DEBUG] [browser console:warning] [GSI_LOGGER]: Your client application may not display the Google One Tap in its default position. When FedCM becomes mandatory, One Tap only displays in the default position. Refer to the migration guide to update your code accordingly and opt-in to FedCM to test your changes. Learn more: https://developers.google.com/identity/gsi/web/guides/fedcm-migration?s=dc#layout
12:53:27 [DEBUG] [browser console:warning] [GSI_LOGGER]: Your client application uses one of the Google One Tap prompt UI status methods that may stop functioning when FedCM becomes mandatory. Refer to the migration guide to update your code accordingly and opt-in to FedCM to test your changes. Learn more: https://developers.google.com/identity/gsi/web/guides/fedcm-migration?s=dc#display_moment and https://developers.google.com/identity/gsi/web/guides/fedcm-migration?s=dc#skipped_moment
12:53:27 [DEBUG] [browser console:warning] [GSI_LOGGER]: Currently, you disable FedCM on Google One Tap. FedCM for One Tap will become mandatory starting Oct 2024, and you won’t be able to disable it. Refer to the migration guide to update your code accordingly to ensure users will not be blocked from logging in. Learn more: https://developers.google.com/identity/gsi/web/guides/fedcm-migration
12:53:27 [DEBUG] [browser console:warning] [GSI_LOGGER]: Currently, you disable FedCM on Google One Tap. FedCM for One Tap will become mandatory starting Oct 2024, and you won’t be able to disable it. Refer to the migration guide to update your code accordingly to ensure users will not be blocked from logging in. Learn more: https://developers.google.com/identity/gsi/web/guides/fedcm-migration
12:53:27 [DEBUG] [browser console:warning] [GSI_LOGGER]: Your client application may not display the Google One Tap in its default position. When FedCM becomes mandatory, One Tap only displays in the default position. Refer to the migration guide to update your code accordingly and opt-in to FedCM to test your changes. Learn more: https://developers.google.com/identity/gsi/web/guides/fedcm-migration?s=dc#layout
12:53:27 [DEBUG] [browser console:warning] [GSI_LOGGER]: Your client application uses one of the Google One Tap prompt UI status methods that may stop functioning when FedCM becomes mandatory. Refer to the migration guide to update your code accordingly and opt-in to FedCM to test your changes. Learn more: https://developers.google.com/identity/gsi/web/guides/fedcm-migration?s=dc#display_moment and https://developers.google.com/identity/gsi/web/guides/fedcm-migration?s=dc#skipped_moment
12:53:27 [DEBUG] [browser console:warning] [GSI_LOGGER]: Currently, you disable FedCM on Google One Tap. FedCM for One Tap will become mandatory starting Oct 2024, and you won’t be able to disable it. Refer to the migration guide to update your code accordingly to ensure users will not be blocked from logging in. Learn more: https://developers.google.com/identity/gsi/web/guides/fedcm-migration
12:53:27 [DEBUG] [browser console:warning] [GSI_LOGGER]: Currently, you disable FedCM on Google One Tap. FedCM for One Tap will become mandatory starting Oct 2024, and you won’t be able to disable it. Refer to the migration guide to update your code accordingly to ensure users will not be blocked from logging in. Learn more: https://developers.google.com/identity/gsi/web/guides/fedcm-migration
12:53:27 [DEBUG] [browser console:warning] [GSI_LOGGER]: Currently, you disable FedCM on Google One Tap. FedCM for One Tap will become mandatory starting Oct 2024, and you won’t be able to disable it. Refer to the migration guide to update your code accordingly to ensure users will not be blocked from logging in. Learn more: https://developers.google.com/identity/gsi/web/guides/fedcm-migration
12:53:27 [DEBUG] [browser page error] Minified React error #418; visit https://react.dev/errors/418?args[]= for the full message or use the non-minified dev environment for full errors and additional helpful warnings.
12:53:27 [DEBUG] [browser console:warning] Attribute 'exception.tags' of type 'object' could not be converted to a proto attribute.
12:53:27 [DEBUG] [browser console:warning] Attribute 'exception.tags' of type 'object' could not be converted to a proto attribute.
12:53:27 [DEBUG] [browser console:warning] Attribute 'exception.tags' of type 'object' could not be converted to a proto attribute.
12:53:27 [DEBUG] [browser console:warning] Attribute 'exception.tags' of type 'object' could not be converted to a proto attribute.
12:53:27 [INFO] Confirmed on the LinkedIn feed (https://www.linkedin.com/feed/) -- login successful.
12:53:27 [INFO] Step 1 OK (33.62s) -- now at https://www.linkedin.com/feed/
12:53:27 [DEBUG] [browser console:warning] VIDEOJS: WARN: Using the tech directly can be dangerous. I hope you know what you're doing.
See https://github.com/videojs/video.js/issues/2617 for more info.

12:53:28 [DEBUG] Saved screenshot: run_output\screenshots\step_0_login_linkedin.png
12:53:28 [DEBUG] Requesting AI description of screenshot from Ollama...
12:53:39 [INFO] --- Step 2/9: pause_for_user ---
12:53:39 [DEBUG] Step 2 params: {'action': 'pause_for_user', 'message': 'If LinkedIn is showing a security check, CAPTCHA, or 2FA code prompt, solve it now in the browser window. Otherwise just press Enter to continue.'}
12:53:39 [INFO] PAUSED: If LinkedIn is showing a security check, CAPTCHA, or 2FA code prompt, solve it now in the browser window. Otherwise just press Enter to continue.
12:53:47 [INFO] Resumed by user.
12:53:47 [INFO] Step 2 OK (8.43s) -- now at https://www.linkedin.com/feed/
12:53:47 [DEBUG] [browser console:error] Failed to load resource: net::ERR_BLOCKED_BY_CLIENT
12:53:47 [DEBUG] [browser console:error] Failed to load resource: net::ERR_BLOCKED_BY_CLIENT
12:53:47 [DEBUG] [browser console:error] Failed to load resource: net::ERR_BLOCKED_BY_CLIENT
12:53:47 [DEBUG] [browser console:error] Failed to load resource: net::ERR_BLOCKED_BY_CLIENT
12:53:47 [DEBUG] [browser console:error] Failed to load resource: net::ERR_BLOCKED_BY_CLIENT
12:53:47 [DEBUG] [browser console:error] Failed to load resource: net::ERR_BLOCKED_BY_CLIENT
12:53:47 [DEBUG] [browser console:error] Failed to load resource: net::ERR_BLOCKED_BY_CLIENT
12:53:47 [DEBUG] [browser console:error] Failed to load resource: net::ERR_BLOCKED_BY_CLIENT
12:53:47 [DEBUG] [browser console:error] Failed to load resource: net::ERR_BLOCKED_BY_CLIENT
12:53:47 [DEBUG] [browser console:error] Failed to load resource: net::ERR_BLOCKED_BY_CLIENT
12:53:47 [DEBUG] [browser console:error] Failed to load resource: net::ERR_BLOCKED_BY_CLIENT
12:53:47 [DEBUG] [browser console:error] Failed to load resource: net::ERR_BLOCKED_BY_CLIENT
12:53:47 [DEBUG] [browser console:error] Failed to load resource: net::ERR_BLOCKED_BY_CLIENT
12:53:47 [DEBUG] [browser console:error] Failed to load resource: net::ERR_BLOCKED_BY_CLIENT
12:53:47 [DEBUG] [browser console:error] Failed to load resource: net::ERR_BLOCKED_BY_CLIENT
12:53:47 [DEBUG] [browser console:error] Failed to load resource: net::ERR_BLOCKED_BY_CLIENT
12:53:47 [DEBUG] [browser console:error] Failed to load resource: net::ERR_BLOCKED_BY_CLIENT
12:53:47 [DEBUG] [browser console:error] Failed to load resource: net::ERR_BLOCKED_BY_CLIENT
12:53:47 [DEBUG] [browser console:error] Failed to load resource: net::ERR_BLOCKED_BY_CLIENT
12:53:47 [DEBUG] [browser console:error] Failed to load resource: net::ERR_BLOCKED_BY_CLIENT
12:53:47 [DEBUG] [browser console:error] Failed to load resource: net::ERR_BLOCKED_BY_CLIENT
12:53:47 [DEBUG] [browser console:error] Failed to load resource: net::ERR_BLOCKED_BY_CLIENT
12:53:47 [DEBUG] [browser console:error] Failed to load resource: net::ERR_BLOCKED_BY_CLIENT
12:53:47 [DEBUG] [browser console:error] Failed to load resource: net::ERR_BLOCKED_BY_CLIENT
12:53:47 [DEBUG] [browser console:error] Failed to load resource: net::ERR_BLOCKED_BY_CLIENT
12:53:47 [DEBUG] [browser console:error] Failed to load resource: net::ERR_BLOCKED_BY_CLIENT
12:53:47 [DEBUG] [browser console:error] Failed to load resource: net::ERR_BLOCKED_BY_CLIENT
12:53:47 [DEBUG] [browser console:error] Failed to load resource: net::ERR_BLOCKED_BY_CLIENT
12:53:47 [DEBUG] [browser console:error] Failed to load resource: net::ERR_BLOCKED_BY_CLIENT
12:53:47 [DEBUG] [browser console:error] Failed to load resource: net::ERR_BLOCKED_BY_CLIENT
12:53:47 [DEBUG] [browser console:error] Failed to load resource: net::ERR_BLOCKED_BY_CLIENT
12:53:47 [DEBUG] [browser console:error] Failed to load resource: net::ERR_BLOCKED_BY_CLIENT
12:53:47 [DEBUG] [browser console:error] Failed to load resource: net::ERR_BLOCKED_BY_CLIENT
12:53:47 [DEBUG] [browser console:error] Failed to load resource: net::ERR_BLOCKED_BY_CLIENT
12:53:47 [DEBUG] [browser console:error] Failed to load resource: net::ERR_BLOCKED_BY_CLIENT
12:53:47 [DEBUG] [browser console:error] Failed to load resource: net::ERR_BLOCKED_BY_CLIENT
12:53:47 [DEBUG] [browser console:error] Failed to load resource: net::ERR_BLOCKED_BY_CLIENT
12:53:47 [DEBUG] [browser console:error] Failed to load resource: net::ERR_BLOCKED_BY_CLIENT
12:53:47 [DEBUG] [browser console:error] Failed to load resource: net::ERR_BLOCKED_BY_CLIENT
12:53:47 [DEBUG] [browser console:error] Failed to load resource: net::ERR_BLOCKED_BY_CLIENT
12:53:47 [DEBUG] [browser console:error] Failed to load resource: net::ERR_BLOCKED_BY_CLIENT
12:53:47 [DEBUG] [browser console:error] Failed to load resource: net::ERR_BLOCKED_BY_CLIENT
12:53:47 [DEBUG] [browser console:error] Failed to load resource: net::ERR_BLOCKED_BY_CLIENT
12:53:47 [DEBUG] [browser console:error] Failed to load resource: net::ERR_BLOCKED_BY_CLIENT
12:53:47 [DEBUG] [browser console:error] Failed to load resource: net::ERR_BLOCKED_BY_CLIENT
12:53:47 [DEBUG] [browser console:error] Failed to load resource: net::ERR_BLOCKED_BY_CLIENT
12:53:47 [DEBUG] [browser console:error] Failed to load resource: net::ERR_BLOCKED_BY_CLIENT
12:53:47 [DEBUG] [browser console:error] Failed to load resource: net::ERR_BLOCKED_BY_CLIENT
12:53:47 [DEBUG] [browser console:error] Failed to load resource: net::ERR_BLOCKED_BY_CLIENT
12:53:47 [DEBUG] [browser console:error] Failed to load resource: net::ERR_BLOCKED_BY_CLIENT
12:53:47 [DEBUG] [browser console:error] Failed to load resource: net::ERR_BLOCKED_BY_CLIENT
12:53:47 [DEBUG] [browser console:error] Failed to load resource: net::ERR_BLOCKED_BY_CLIENT
12:53:47 [DEBUG] [browser console:error] Failed to load resource: net::ERR_BLOCKED_BY_CLIENT
12:53:47 [DEBUG] [browser console:error] Failed to load resource: net::ERR_BLOCKED_BY_CLIENT
12:53:47 [DEBUG] [browser console:error] Failed to load resource: net::ERR_BLOCKED_BY_CLIENT
12:53:47 [DEBUG] [browser console:error] Failed to load resource: net::ERR_BLOCKED_BY_CLIENT
12:53:47 [DEBUG] [browser console:error] Failed to load resource: net::ERR_BLOCKED_BY_CLIENT
12:53:47 [DEBUG] [browser console:error] Failed to load resource: net::ERR_BLOCKED_BY_CLIENT
12:53:47 [DEBUG] [browser console:error] Failed to load resource: net::ERR_BLOCKED_BY_CLIENT
12:53:47 [DEBUG] [browser console:error] Failed to load resource: net::ERR_BLOCKED_BY_CLIENT
12:53:47 [DEBUG] [browser console:error] Failed to load resource: net::ERR_BLOCKED_BY_CLIENT
12:53:47 [DEBUG] [browser console:error] Failed to load resource: net::ERR_BLOCKED_BY_CLIENT
12:53:47 [DEBUG] [browser console:error] Failed to load resource: net::ERR_BLOCKED_BY_CLIENT
12:53:47 [DEBUG] [browser console:error] Failed to load resource: net::ERR_BLOCKED_BY_CLIENT
12:53:47 [DEBUG] [browser console:error] Failed to load resource: net::ERR_BLOCKED_BY_CLIENT
12:53:47 [DEBUG] [browser console:error] Failed to load resource: net::ERR_BLOCKED_BY_CLIENT
12:53:47 [DEBUG] [browser console:error] Failed to load resource: net::ERR_BLOCKED_BY_CLIENT
12:53:47 [DEBUG] [browser console:error] Failed to load resource: net::ERR_BLOCKED_BY_CLIENT
12:53:47 [DEBUG] [browser console:error] Failed to load resource: net::ERR_BLOCKED_BY_CLIENT
12:53:47 [DEBUG] [browser console:error] Failed to load resource: net::ERR_BLOCKED_BY_CLIENT
12:53:47 [DEBUG] [browser console:error] Failed to load resource: net::ERR_BLOCKED_BY_CLIENT
12:53:47 [DEBUG] [browser console:error] Failed to load resource: net::ERR_BLOCKED_BY_CLIENT
12:53:47 [DEBUG] [browser console:error] Failed to load resource: net::ERR_BLOCKED_BY_CLIENT
12:53:47 [DEBUG] [browser console:error] Failed to load resource: net::ERR_BLOCKED_BY_CLIENT
12:53:47 [DEBUG] [browser console:error] Failed to load resource: net::ERR_BLOCKED_BY_CLIENT
12:53:47 [DEBUG] [browser console:error] Failed to load resource: net::ERR_BLOCKED_BY_CLIENT
12:53:47 [DEBUG] [browser console:error] Failed to load resource: net::ERR_BLOCKED_BY_CLIENT
12:53:47 [DEBUG] [browser console:error] Failed to load resource: net::ERR_BLOCKED_BY_CLIENT
12:53:47 [DEBUG] [browser console:error] Failed to load resource: net::ERR_BLOCKED_BY_CLIENT
12:53:47 [DEBUG] [browser console:error] Failed to load resource: net::ERR_BLOCKED_BY_CLIENT
12:53:47 [DEBUG] [browser console:error] Failed to load resource: net::ERR_BLOCKED_BY_CLIENT
12:53:47 [DEBUG] [browser console:error] Failed to load resource: net::ERR_BLOCKED_BY_CLIENT
12:53:47 [DEBUG] [browser console:error] Failed to load resource: net::ERR_BLOCKED_BY_CLIENT
12:53:47 [DEBUG] [browser console:error] Failed to load resource: net::ERR_BLOCKED_BY_CLIENT
12:53:47 [DEBUG] [browser console:error] Failed to load resource: net::ERR_BLOCKED_BY_CLIENT
12:53:47 [DEBUG] [browser console:error] Failed to load resource: net::ERR_BLOCKED_BY_CLIENT
12:53:47 [DEBUG] [browser console:error] Failed to load resource: net::ERR_BLOCKED_BY_CLIENT
12:53:47 [DEBUG] [browser console:error] Failed to load resource: net::ERR_BLOCKED_BY_CLIENT
12:53:47 [DEBUG] [browser console:error] Failed to load resource: net::ERR_BLOCKED_BY_CLIENT
12:53:47 [DEBUG] [browser console:error] Failed to load resource: net::ERR_BLOCKED_BY_CLIENT
12:53:47 [DEBUG] [browser console:error] Failed to load resource: net::ERR_BLOCKED_BY_CLIENT
12:53:47 [DEBUG] [browser console:error] Failed to load resource: net::ERR_BLOCKED_BY_CLIENT
12:53:47 [DEBUG] [browser console:error] Failed to load resource: net::ERR_BLOCKED_BY_CLIENT
12:53:47 [DEBUG] [browser console:error] Failed to load resource: net::ERR_BLOCKED_BY_CLIENT
12:53:47 [DEBUG] [browser console:error] Failed to load resource: net::ERR_BLOCKED_BY_CLIENT
12:53:47 [DEBUG] [browser console:error] Failed to load resource: net::ERR_BLOCKED_BY_CLIENT
12:53:47 [DEBUG] [browser console:error] Failed to load resource: net::ERR_BLOCKED_BY_CLIENT
12:53:47 [DEBUG] [browser console:error] Failed to load resource: net::ERR_BLOCKED_BY_CLIENT
12:53:47 [DEBUG] [browser console:error] Failed to load resource: net::ERR_BLOCKED_BY_CLIENT
12:53:47 [DEBUG] [browser console:error] Failed to load resource: net::ERR_BLOCKED_BY_CLIENT
12:53:47 [DEBUG] [browser console:error] Failed to load resource: net::ERR_BLOCKED_BY_CLIENT
12:53:47 [DEBUG] [browser console:error] Failed to load resource: net::ERR_BLOCKED_BY_CLIENT
12:53:47 [DEBUG] [browser console:error] Failed to load resource: net::ERR_BLOCKED_BY_CLIENT
12:53:47 [DEBUG] [browser console:error] Failed to load resource: net::ERR_BLOCKED_BY_CLIENT
12:53:47 [DEBUG] [browser console:error] Failed to load resource: net::ERR_BLOCKED_BY_CLIENT
12:53:47 [DEBUG] [browser console:error] Failed to load resource: net::ERR_BLOCKED_BY_CLIENT
12:53:47 [DEBUG] [browser console:error] Failed to load resource: net::ERR_BLOCKED_BY_CLIENT
12:53:47 [DEBUG] [browser console:error] Failed to load resource: net::ERR_BLOCKED_BY_CLIENT
12:53:47 [DEBUG] [browser console:error] Failed to load resource: net::ERR_BLOCKED_BY_CLIENT
12:53:47 [DEBUG] [browser console:error] Failed to load resource: net::ERR_BLOCKED_BY_CLIENT
12:53:47 [DEBUG] [browser console:error] Failed to load resource: net::ERR_BLOCKED_BY_CLIENT
12:53:47 [DEBUG] [browser console:error] Failed to load resource: net::ERR_BLOCKED_BY_CLIENT
12:53:47 [DEBUG] [browser console:error] Failed to load resource: net::ERR_BLOCKED_BY_CLIENT
12:53:47 [DEBUG] [browser console:error] Failed to load resource: net::ERR_BLOCKED_BY_CLIENT
12:53:47 [DEBUG] [browser console:error] Failed to load resource: net::ERR_BLOCKED_BY_CLIENT
12:53:47 [DEBUG] [browser console:error] Failed to load resource: net::ERR_BLOCKED_BY_CLIENT
12:53:47 [DEBUG] [browser console:error] Failed to load resource: net::ERR_BLOCKED_BY_CLIENT
12:53:47 [DEBUG] [browser console:error] Failed to load resource: net::ERR_BLOCKED_BY_CLIENT
12:53:47 [DEBUG] [browser console:error] Failed to load resource: net::ERR_BLOCKED_BY_CLIENT
12:53:47 [DEBUG] [browser console:error] Failed to load resource: net::ERR_BLOCKED_BY_CLIENT
12:53:47 [DEBUG] [browser console:error] Failed to load resource: net::ERR_BLOCKED_BY_CLIENT
12:53:47 [DEBUG] [browser console:error] Failed to load resource: net::ERR_BLOCKED_BY_CLIENT
12:53:47 [DEBUG] [browser console:error] Failed to load resource: net::ERR_BLOCKED_BY_CLIENT
12:53:47 [DEBUG] [browser console:error] Failed to load resource: net::ERR_BLOCKED_BY_CLIENT
12:53:47 [DEBUG] [browser console:error] Failed to load resource: net::ERR_BLOCKED_BY_CLIENT
12:53:47 [DEBUG] [browser console:error] Failed to load resource: net::ERR_BLOCKED_BY_CLIENT
12:53:47 [DEBUG] [browser console:error] Failed to load resource: net::ERR_BLOCKED_BY_CLIENT
12:53:47 [DEBUG] [browser console:error] Failed to load resource: net::ERR_BLOCKED_BY_CLIENT
12:53:47 [DEBUG] [browser console:error] Failed to load resource: net::ERR_BLOCKED_BY_CLIENT
12:53:47 [DEBUG] [browser console:error] Failed to load resource: net::ERR_BLOCKED_BY_CLIENT
12:53:47 [DEBUG] [browser console:error] Failed to load resource: net::ERR_BLOCKED_BY_CLIENT
12:53:47 [DEBUG] [browser console:error] Failed to load resource: net::ERR_BLOCKED_BY_CLIENT
12:53:47 [DEBUG] [browser console:error] Failed to load resource: net::ERR_BLOCKED_BY_CLIENT
12:53:47 [DEBUG] [browser console:error] Failed to load resource: net::ERR_BLOCKED_BY_CLIENT
12:53:47 [DEBUG] [browser console:error] Failed to load resource: net::ERR_BLOCKED_BY_CLIENT
12:53:47 [DEBUG] [browser console:error] Failed to load resource: net::ERR_BLOCKED_BY_CLIENT
12:53:47 [DEBUG] [browser console:error] Failed to load resource: net::ERR_BLOCKED_BY_CLIENT
12:53:47 [DEBUG] [browser console:error] Failed to load resource: net::ERR_BLOCKED_BY_CLIENT
12:53:47 [DEBUG] [browser console:error] Failed to load resource: net::ERR_BLOCKED_BY_CLIENT
12:53:47 [DEBUG] [browser console:error] Failed to load resource: net::ERR_BLOCKED_BY_CLIENT
12:53:47 [DEBUG] [browser console:error] Failed to load resource: net::ERR_BLOCKED_BY_CLIENT
12:53:47 [DEBUG] [browser console:error] Failed to load resource: net::ERR_BLOCKED_BY_CLIENT
12:53:47 [DEBUG] [browser console:error] Failed to load resource: net::ERR_BLOCKED_BY_CLIENT
12:53:47 [DEBUG] [browser console:error] Failed to load resource: net::ERR_BLOCKED_BY_CLIENT
12:53:47 [DEBUG] [browser console:error] Failed to load resource: net::ERR_BLOCKED_BY_CLIENT
12:53:47 [DEBUG] [browser console:error] Failed to load resource: net::ERR_BLOCKED_BY_CLIENT
12:53:47 [DEBUG] [browser console:error] Failed to load resource: net::ERR_BLOCKED_BY_CLIENT
12:53:47 [DEBUG] [browser console:error] Failed to load resource: net::ERR_BLOCKED_BY_CLIENT
12:53:47 [DEBUG] [browser console:error] Failed to load resource: net::ERR_BLOCKED_BY_CLIENT
12:53:47 [DEBUG] [browser console:error] Failed to load resource: net::ERR_BLOCKED_BY_CLIENT
12:53:47 [DEBUG] [browser console:error] Failed to load resource: net::ERR_BLOCKED_BY_CLIENT
12:53:47 [DEBUG] [browser console:error] Failed to load resource: net::ERR_BLOCKED_BY_CLIENT
12:53:47 [DEBUG] [browser console:error] Failed to load resource: net::ERR_BLOCKED_BY_CLIENT
12:53:47 [DEBUG] [browser console:error] Failed to load resource: net::ERR_BLOCKED_BY_CLIENT
12:53:47 [DEBUG] [browser console:error] Failed to load resource: net::ERR_BLOCKED_BY_CLIENT
12:53:47 [DEBUG] [browser console:error] Failed to load resource: net::ERR_BLOCKED_BY_CLIENT
12:53:47 [DEBUG] [browser console:error] Failed to load resource: net::ERR_BLOCKED_BY_CLIENT
12:53:47 [DEBUG] [browser console:error] Failed to load resource: net::ERR_BLOCKED_BY_CLIENT
12:53:47 [DEBUG] [browser console:error] Failed to load resource: net::ERR_BLOCKED_BY_CLIENT
12:53:47 [DEBUG] [browser console:error] Failed to load resource: net::ERR_BLOCKED_BY_CLIENT
12:53:47 [DEBUG] [browser console:error] Failed to load resource: net::ERR_BLOCKED_BY_CLIENT
12:53:47 [DEBUG] [browser console:error] Failed to load resource: net::ERR_BLOCKED_BY_CLIENT
12:53:47 [DEBUG] [browser console:error] Failed to load resource: net::ERR_BLOCKED_BY_CLIENT
12:53:47 [DEBUG] [browser console:error] Failed to load resource: net::ERR_BLOCKED_BY_CLIENT
12:53:47 [DEBUG] [browser console:error] Failed to load resource: net::ERR_BLOCKED_BY_CLIENT
12:53:47 [DEBUG] [browser console:error] Failed to load resource: net::ERR_BLOCKED_BY_CLIENT
12:53:47 [DEBUG] [browser console:error] Failed to load resource: net::ERR_BLOCKED_BY_CLIENT
12:53:47 [DEBUG] [browser console:error] Failed to load resource: net::ERR_BLOCKED_BY_CLIENT
12:53:47 [DEBUG] [browser console:error] Failed to load resource: net::ERR_BLOCKED_BY_CLIENT
12:53:47 [DEBUG] [browser console:error] Failed to load resource: net::ERR_BLOCKED_BY_CLIENT
12:53:47 [DEBUG] [browser console:error] Failed to load resource: net::ERR_BLOCKED_BY_CLIENT
12:53:47 [DEBUG] [browser console:error] Failed to load resource: net::ERR_BLOCKED_BY_CLIENT
12:53:47 [DEBUG] [browser console:error] Failed to load resource: net::ERR_BLOCKED_BY_CLIENT
12:53:47 [DEBUG] [browser console:error] Failed to load resource: net::ERR_BLOCKED_BY_CLIENT
12:53:47 [DEBUG] [browser console:error] Failed to load resource: net::ERR_BLOCKED_BY_CLIENT
12:53:48 [DEBUG] [browser console:error] Failed to load resource: net::ERR_BLOCKED_BY_CLIENT
12:53:48 [DEBUG] [browser console:error] Failed to load resource: net::ERR_BLOCKED_BY_CLIENT
12:53:48 [DEBUG] [browser console:error] Failed to load resource: net::ERR_BLOCKED_BY_CLIENT
12:53:48 [DEBUG] [browser console:error] Failed to load resource: net::ERR_BLOCKED_BY_CLIENT
12:53:48 [DEBUG] [browser console:error] Failed to load resource: net::ERR_BLOCKED_BY_CLIENT
12:53:48 [DEBUG] [browser console:error] Failed to load resource: net::ERR_BLOCKED_BY_CLIENT
12:53:48 [DEBUG] Saved screenshot: run_output\screenshots\step_1_pause_for_user.png
12:53:48 [DEBUG] Requesting AI description of screenshot from Ollama...
12:53:53 [INFO] --- Step 3/9: screenshot ---
12:53:53 [DEBUG] Step 3 params: {'action': 'screenshot', 'name': 'after_login'}
12:53:53 [DEBUG] [browser console:error] Failed to load resource: net::ERR_BLOCKED_BY_CLIENT
12:53:53 [DEBUG] [browser console:error] Failed to load resource: net::ERR_BLOCKED_BY_CLIENT
12:53:53 [DEBUG] [browser console:error] Failed to load resource: net::ERR_BLOCKED_BY_CLIENT
12:53:53 [DEBUG] [browser console:error] Failed to load resource: net::ERR_BLOCKED_BY_CLIENT
12:53:53 [DEBUG] [browser console:error] Failed to load resource: net::ERR_BLOCKED_BY_CLIENT
12:53:53 [DEBUG] [browser console:error] Failed to load resource: net::ERR_BLOCKED_BY_CLIENT
12:53:53 [DEBUG] [browser console:error] Failed to load resource: net::ERR_BLOCKED_BY_CLIENT
12:53:53 [DEBUG] [browser console:error] Failed to load resource: net::ERR_BLOCKED_BY_CLIENT
12:53:53 [DEBUG] [browser console:error] Failed to load resource: net::ERR_BLOCKED_BY_CLIENT
12:53:53 [DEBUG] [browser console:error] Failed to load resource: net::ERR_BLOCKED_BY_CLIENT
12:53:53 [DEBUG] [browser console:error] Failed to load resource: net::ERR_BLOCKED_BY_CLIENT
12:53:53 [DEBUG] [browser console:error] Failed to load resource: net::ERR_BLOCKED_BY_CLIENT
12:53:53 [DEBUG] [browser console:error] Failed to load resource: net::ERR_BLOCKED_BY_CLIENT
12:53:53 [DEBUG] [browser console:error] Failed to load resource: net::ERR_BLOCKED_BY_CLIENT
12:53:53 [DEBUG] [browser console:error] Failed to load resource: net::ERR_BLOCKED_BY_CLIENT
12:53:53 [DEBUG] [browser console:error] Failed to load resource: net::ERR_BLOCKED_BY_CLIENT
12:53:53 [DEBUG] [browser console:error] Failed to load resource: net::ERR_BLOCKED_BY_CLIENT
12:53:53 [DEBUG] [browser console:error] Failed to load resource: net::ERR_BLOCKED_BY_CLIENT
12:53:53 [DEBUG] [browser console:error] Failed to load resource: net::ERR_BLOCKED_BY_CLIENT
12:53:53 [DEBUG] [browser console:error] Failed to load resource: net::ERR_BLOCKED_BY_CLIENT
12:53:53 [DEBUG] [browser console:error] Failed to load resource: net::ERR_BLOCKED_BY_CLIENT
12:53:53 [DEBUG] [browser console:error] Failed to load resource: net::ERR_BLOCKED_BY_CLIENT
12:53:53 [DEBUG] [browser console:error] Failed to load resource: net::ERR_BLOCKED_BY_CLIENT
12:53:53 [DEBUG] [browser console:error] Failed to load resource: net::ERR_BLOCKED_BY_CLIENT
12:53:53 [DEBUG] [browser console:error] Failed to load resource: net::ERR_BLOCKED_BY_CLIENT
12:53:53 [DEBUG] [browser console:error] Failed to load resource: net::ERR_BLOCKED_BY_CLIENT
12:53:53 [DEBUG] [browser console:error] Failed to load resource: net::ERR_BLOCKED_BY_CLIENT
12:53:53 [DEBUG] [browser console:error] Failed to load resource: net::ERR_BLOCKED_BY_CLIENT
12:53:53 [DEBUG] [browser console:error] Failed to load resource: net::ERR_BLOCKED_BY_CLIENT
12:53:53 [DEBUG] [browser console:error] Failed to load resource: net::ERR_BLOCKED_BY_CLIENT
12:53:53 [DEBUG] [browser console:error] Failed to load resource: net::ERR_BLOCKED_BY_CLIENT
12:53:53 [DEBUG] [browser console:error] Failed to load resource: net::ERR_BLOCKED_BY_CLIENT
12:53:53 [DEBUG] [browser console:error] Failed to load resource: net::ERR_BLOCKED_BY_CLIENT
12:53:53 [DEBUG] [browser console:error] Failed to load resource: net::ERR_BLOCKED_BY_CLIENT
12:53:53 [DEBUG] [browser console:error] Failed to load resource: net::ERR_BLOCKED_BY_CLIENT
12:53:53 [DEBUG] [browser console:error] Failed to load resource: net::ERR_BLOCKED_BY_CLIENT
12:53:53 [DEBUG] [browser console:error] Failed to load resource: net::ERR_BLOCKED_BY_CLIENT
12:53:53 [DEBUG] [browser console:error] Failed to load resource: net::ERR_BLOCKED_BY_CLIENT
12:53:53 [DEBUG] [browser console:error] Failed to load resource: net::ERR_BLOCKED_BY_CLIENT
12:53:53 [DEBUG] [browser console:error] Failed to load resource: net::ERR_BLOCKED_BY_CLIENT
12:53:53 [DEBUG] [browser console:error] Failed to load resource: net::ERR_BLOCKED_BY_CLIENT
12:53:53 [DEBUG] [browser console:error] Failed to load resource: net::ERR_BLOCKED_BY_CLIENT
12:53:53 [DEBUG] [browser console:error] Failed to load resource: net::ERR_BLOCKED_BY_CLIENT
12:53:53 [DEBUG] [browser console:error] Failed to load resource: net::ERR_BLOCKED_BY_CLIENT
12:53:53 [DEBUG] [browser console:error] Failed to load resource: net::ERR_BLOCKED_BY_CLIENT
12:53:53 [DEBUG] [browser console:error] Failed to load resource: net::ERR_BLOCKED_BY_CLIENT
12:53:53 [DEBUG] [browser console:error] Failed to load resource: net::ERR_BLOCKED_BY_CLIENT
12:53:53 [DEBUG] [browser console:error] Failed to load resource: net::ERR_BLOCKED_BY_CLIENT
12:53:53 [DEBUG] [browser console:error] Failed to load resource: net::ERR_BLOCKED_BY_CLIENT
12:53:53 [DEBUG] [browser console:error] Failed to load resource: net::ERR_BLOCKED_BY_CLIENT
12:53:53 [INFO] Step 3 OK (0.24s) -- now at https://www.linkedin.com/feed/
12:53:53 [DEBUG] [browser console:error] Failed to load resource: net::ERR_BLOCKED_BY_CLIENT
12:53:54 [DEBUG] Saved screenshot: run_output\screenshots\step_2_screenshot.png
12:53:54 [DEBUG] Requesting AI description of screenshot from Ollama...
12:53:58 [INFO] --- Step 4/9: goto ---
12:53:58 [DEBUG] Step 4 params: {'action': 'goto', 'url': 'https://www.linkedin.com/jobs/'}
12:53:58 [DEBUG] [browser console:error] Failed to load resource: net::ERR_BLOCKED_BY_CLIENT
12:53:58 [DEBUG] [browser console:error] Failed to load resource: net::ERR_BLOCKED_BY_CLIENT
12:53:58 [DEBUG] [browser console:error] Failed to load resource: net::ERR_BLOCKED_BY_CLIENT
12:53:58 [DEBUG] [browser console:error] Failed to load resource: net::ERR_BLOCKED_BY_CLIENT
12:53:58 [DEBUG] [browser console:error] Failed to load resource: net::ERR_BLOCKED_BY_CLIENT
12:53:58 [DEBUG] [browser console:error] Failed to load resource: net::ERR_BLOCKED_BY_CLIENT
12:53:58 [DEBUG] [browser console:error] Failed to load resource: net::ERR_BLOCKED_BY_CLIENT
12:53:58 [DEBUG] [browser console:error] Failed to load resource: net::ERR_BLOCKED_BY_CLIENT
12:53:58 [DEBUG] [browser console:error] Failed to load resource: net::ERR_BLOCKED_BY_CLIENT
12:53:58 [DEBUG] [browser console:error] Failed to load resource: net::ERR_BLOCKED_BY_CLIENT
12:53:58 [DEBUG] [browser console:error] Failed to load resource: net::ERR_BLOCKED_BY_CLIENT
12:53:58 [DEBUG] [browser console:error] Failed to load resource: net::ERR_BLOCKED_BY_CLIENT
12:53:58 [DEBUG] [browser console:error] Failed to load resource: net::ERR_BLOCKED_BY_CLIENT
12:53:58 [DEBUG] [browser console:error] Failed to load resource: net::ERR_BLOCKED_BY_CLIENT
12:53:58 [DEBUG] [browser console:error] Failed to load resource: net::ERR_BLOCKED_BY_CLIENT
12:53:58 [DEBUG] [browser console:error] Failed to load resource: net::ERR_BLOCKED_BY_CLIENT
12:53:58 [DEBUG] [browser console:error] Failed to load resource: net::ERR_BLOCKED_BY_CLIENT
12:53:58 [DEBUG] [browser console:error] Failed to load resource: net::ERR_BLOCKED_BY_CLIENT
12:53:58 [DEBUG] [browser console:error] Failed to load resource: net::ERR_BLOCKED_BY_CLIENT
12:53:58 [DEBUG] [browser console:error] Failed to load resource: net::ERR_BLOCKED_BY_CLIENT
12:53:58 [DEBUG] [browser console:error] Failed to load resource: net::ERR_BLOCKED_BY_CLIENT
12:53:58 [DEBUG] [browser console:error] Failed to load resource: net::ERR_BLOCKED_BY_CLIENT
12:53:58 [DEBUG] [browser console:error] Failed to load resource: net::ERR_BLOCKED_BY_CLIENT
12:53:58 [DEBUG] [browser console:error] Failed to load resource: net::ERR_BLOCKED_BY_CLIENT
12:53:58 [DEBUG] [browser console:error] Failed to load resource: net::ERR_BLOCKED_BY_CLIENT
12:53:58 [DEBUG] [browser console:error] Failed to load resource: net::ERR_BLOCKED_BY_CLIENT
12:53:58 [DEBUG] [browser console:error] Failed to load resource: net::ERR_BLOCKED_BY_CLIENT
12:53:58 [DEBUG] [browser console:error] Failed to load resource: net::ERR_BLOCKED_BY_CLIENT
12:53:58 [DEBUG] [browser console:error] Failed to load resource: net::ERR_BLOCKED_BY_CLIENT
12:53:58 [DEBUG] [browser console:error] Failed to load resource: net::ERR_BLOCKED_BY_CLIENT
12:53:58 [DEBUG] [browser console:error] Failed to load resource: net::ERR_BLOCKED_BY_CLIENT
12:53:58 [DEBUG] [browser console:error] Failed to load resource: net::ERR_BLOCKED_BY_CLIENT
12:53:58 [DEBUG] [browser console:error] Failed to load resource: net::ERR_BLOCKED_BY_CLIENT
12:53:58 [DEBUG] [browser console:error] Failed to load resource: net::ERR_BLOCKED_BY_CLIENT
12:53:58 [DEBUG] [browser console:error] Failed to load resource: net::ERR_BLOCKED_BY_CLIENT
12:53:58 [DEBUG] [browser console:error] Failed to load resource: net::ERR_BLOCKED_BY_CLIENT
12:53:58 [DEBUG] [browser console:error] Failed to load resource: net::ERR_BLOCKED_BY_CLIENT
12:53:58 [DEBUG] [browser console:error] Failed to load resource: net::ERR_BLOCKED_BY_CLIENT
12:53:58 [DEBUG] [browser console:error] Failed to load resource: net::ERR_BLOCKED_BY_CLIENT
12:53:58 [DEBUG] [browser console:error] Failed to load resource: net::ERR_BLOCKED_BY_CLIENT
12:53:58 [DEBUG] [browser console:error] Failed to load resource: net::ERR_BLOCKED_BY_CLIENT
12:53:58 [DEBUG] [browser console:error] Failed to load resource: net::ERR_BLOCKED_BY_CLIENT
12:53:58 [DEBUG] [browser console:error] Failed to load resource: net::ERR_BLOCKED_BY_CLIENT
12:53:58 [DEBUG] [browser console:error] Failed to load resource: net::ERR_BLOCKED_BY_CLIENT
12:53:58 [DEBUG] [browser console:error] Failed to load resource: net::ERR_BLOCKED_BY_CLIENT
12:53:58 [DEBUG] [browser console:error] Failed to load resource: net::ERR_BLOCKED_BY_CLIENT
12:53:59 [DEBUG] [browser console:error] Failed to load resource: net::ERR_BLOCKED_BY_CLIENT
12:53:59 [DEBUG] [browser console:error] Failed to load resource: net::ERR_BLOCKED_BY_CLIENT
12:53:59 [INFO] Step 4 OK (1.07s) -- now at https://www.linkedin.com/jobs/
12:53:59 [DEBUG] Saved screenshot: run_output\screenshots\step_3_goto.png
12:53:59 [DEBUG] Requesting AI description of screenshot from Ollama...
12:54:04 [INFO] --- Step 5/9: wait ---
12:54:04 [DEBUG] Step 5 params: {'action': 'wait', 'seconds': 2}
12:54:06 [INFO] Step 5 OK (2.00s) -- now at https://www.linkedin.com/jobs/
12:54:06 [DEBUG] [browser console:error] Failed to load resource: net::ERR_BLOCKED_BY_CLIENT
12:54:06 [DEBUG] [browser console:error] Failed to load resource: net::ERR_BLOCKED_BY_CLIENT
12:54:06 [DEBUG] [browser console:error] Failed to load resource: net::ERR_BLOCKED_BY_CLIENT
12:54:06 [DEBUG] [browser console:error] Failed to load resource: net::ERR_BLOCKED_BY_CLIENT
12:54:06 [DEBUG] [browser console:error] Failed to load resource: net::ERR_BLOCKED_BY_CLIENT
12:54:06 [DEBUG] [browser console:error] Failed to load resource: net::ERR_BLOCKED_BY_CLIENT
12:54:06 [DEBUG] [browser console:error] Failed to load resource: net::ERR_BLOCKED_BY_CLIENT
12:54:06 [DEBUG] [browser console:error] Failed to load resource: net::ERR_BLOCKED_BY_CLIENT
12:54:06 [DEBUG] [browser console:error] Failed to load resource: net::ERR_BLOCKED_BY_CLIENT
12:54:06 [DEBUG] [browser console:error] Failed to load resource: net::ERR_BLOCKED_BY_CLIENT
12:54:06 [DEBUG] [browser console:error] Failed to load resource: net::ERR_BLOCKED_BY_CLIENT
12:54:06 [DEBUG] [browser console:error] Failed to load resource: net::ERR_BLOCKED_BY_CLIENT
12:54:06 [DEBUG] [browser console:error] Failed to load resource: net::ERR_BLOCKED_BY_CLIENT
12:54:06 [DEBUG] [browser console:error] Failed to load resource: net::ERR_BLOCKED_BY_CLIENT
12:54:06 [DEBUG] [browser console:error] Failed to load resource: net::ERR_BLOCKED_BY_CLIENT
12:54:06 [DEBUG] [browser console:error] Failed to load resource: net::ERR_BLOCKED_BY_CLIENT
12:54:06 [DEBUG] [browser console:error] Failed to load resource: net::ERR_BLOCKED_BY_CLIENT
12:54:06 [DEBUG] [browser console:error] Failed to load resource: net::ERR_CONNECTION_TIMED_OUT
12:54:06 [DEBUG] [browser console:error] Failed to load resource: net::ERR_BLOCKED_BY_CLIENT
12:54:06 [DEBUG] [browser console:error] Failed to load resource: net::ERR_BLOCKED_BY_CLIENT
12:54:06 [DEBUG] [browser console:error] Failed to load resource: net::ERR_BLOCKED_BY_CLIENT
12:54:06 [DEBUG] [browser console:error] Failed to load resource: net::ERR_BLOCKED_BY_CLIENT
12:54:06 [DEBUG] [browser console:error] Failed to load resource: net::ERR_BLOCKED_BY_CLIENT
12:54:06 [DEBUG] [browser console:error] Failed to load resource: net::ERR_BLOCKED_BY_CLIENT
12:54:06 [DEBUG] [browser console:error] Failed to load resource: net::ERR_BLOCKED_BY_CLIENT
12:54:06 [DEBUG] [browser console:error] Failed to load resource: net::ERR_BLOCKED_BY_CLIENT
12:54:06 [DEBUG] [browser console:error] Failed to load resource: net::ERR_BLOCKED_BY_CLIENT
12:54:06 [DEBUG] [browser console:error] Failed to load resource: net::ERR_BLOCKED_BY_CLIENT
12:54:06 [DEBUG] [browser console:error] Failed to load resource: net::ERR_BLOCKED_BY_CLIENT
12:54:06 [DEBUG] [browser console:error] Failed to load resource: net::ERR_BLOCKED_BY_CLIENT
12:54:06 [DEBUG] [browser console:error] Failed to load resource: net::ERR_BLOCKED_BY_CLIENT
12:54:06 [DEBUG] [browser console:error] Failed to load resource: net::ERR_BLOCKED_BY_CLIENT
12:54:06 [DEBUG] [browser console:error] Failed to load resource: net::ERR_BLOCKED_BY_CLIENT
12:54:06 [DEBUG] [browser console:error] Failed to load resource: net::ERR_BLOCKED_BY_CLIENT
12:54:06 [DEBUG] [browser console:error] Failed to load resource: net::ERR_BLOCKED_BY_CLIENT
12:54:06 [DEBUG] Saved screenshot: run_output\screenshots\step_4_wait.png
12:54:06 [DEBUG] Requesting AI description of screenshot from Ollama...
12:54:11 [INFO] --- Step 6/9: search_linkedin_jobs ---
12:54:11 [DEBUG] Step 6 params: {'action': 'search_linkedin_jobs', 'query': "founder's office"}
12:54:11 [DEBUG] Looking for jobs search box (trying 4 known selector(s))...
12:54:11 [DEBUG] [browser console:error] Failed to load resource: net::ERR_BLOCKED_BY_CLIENT
12:54:11 [DEBUG] [browser console:error] Failed to load resource: net::ERR_BLOCKED_BY_CLIENT
12:54:11 [DEBUG] [browser console:error] Failed to load resource: net::ERR_BLOCKED_BY_CLIENT
12:54:11 [DEBUG] [browser console:error] Failed to load resource: net::ERR_BLOCKED_BY_CLIENT
12:54:11 [DEBUG] [browser console:error] Failed to load resource: net::ERR_BLOCKED_BY_CLIENT
12:54:11 [DEBUG] [browser console:error] Failed to load resource: net::ERR_BLOCKED_BY_CLIENT
12:54:11 [DEBUG] [browser console:error] Failed to load resource: net::ERR_BLOCKED_BY_CLIENT
12:54:11 [DEBUG] [browser console:error] Failed to load resource: net::ERR_BLOCKED_BY_CLIENT
12:54:11 [DEBUG] [browser console:error] Failed to load resource: net::ERR_BLOCKED_BY_CLIENT
12:54:11 [DEBUG] [browser console:error] Failed to load resource: net::ERR_BLOCKED_BY_CLIENT
12:54:11 [DEBUG] [browser console:error] Failed to load resource: net::ERR_BLOCKED_BY_CLIENT
12:54:11 [DEBUG] [browser console:error] Failed to load resource: net::ERR_BLOCKED_BY_CLIENT
12:54:11 [DEBUG] [browser console:error] Failed to load resource: net::ERR_BLOCKED_BY_CLIENT
12:54:11 [DEBUG] [browser console:error] Failed to load resource: net::ERR_BLOCKED_BY_CLIENT
12:54:11 [DEBUG] [browser console:error] Failed to load resource: net::ERR_BLOCKED_BY_CLIENT
12:54:11 [DEBUG] [browser console:error] Failed to load resource: net::ERR_BLOCKED_BY_CLIENT
12:54:11 [DEBUG] [browser console:error] Failed to load resource: net::ERR_BLOCKED_BY_CLIENT
12:54:11 [DEBUG] [browser console:error] Failed to load resource: net::ERR_BLOCKED_BY_CLIENT
12:54:11 [DEBUG] [browser console:error] Failed to load resource: net::ERR_BLOCKED_BY_CLIENT
12:54:11 [DEBUG] [browser console:error] Failed to load resource: net::ERR_BLOCKED_BY_CLIENT
12:54:11 [DEBUG] [browser console:error] Failed to load resource: net::ERR_BLOCKED_BY_CLIENT
12:54:11 [DEBUG] [browser console:error] Failed to load resource: net::ERR_BLOCKED_BY_CLIENT
12:54:11 [DEBUG] [browser console:error] Failed to load resource: net::ERR_BLOCKED_BY_CLIENT
12:54:11 [DEBUG] [browser console:error] Failed to load resource: net::ERR_BLOCKED_BY_CLIENT
12:54:11 [DEBUG] [browser console:error] Failed to load resource: net::ERR_BLOCKED_BY_CLIENT
12:54:11 [DEBUG] [browser console:error] Failed to load resource: net::ERR_BLOCKED_BY_CLIENT
12:54:11 [DEBUG] [browser console:error] Failed to load resource: net::ERR_BLOCKED_BY_CLIENT
12:54:11 [DEBUG] [browser console:error] Failed to load resource: net::ERR_BLOCKED_BY_CLIENT
12:54:11 [DEBUG] [browser console:error] Failed to load resource: net::ERR_BLOCKED_BY_CLIENT
12:54:11 [DEBUG] [browser console:error] Failed to load resource: net::ERR_BLOCKED_BY_CLIENT
12:54:11 [DEBUG] [browser console:error] Failed to load resource: net::ERR_BLOCKED_BY_CLIENT
12:54:11 [DEBUG] [browser console:error] Failed to load resource: net::ERR_BLOCKED_BY_CLIENT
12:54:11 [DEBUG] [browser console:error] Failed to load resource: net::ERR_BLOCKED_BY_CLIENT
12:54:11 [DEBUG] [browser console:error] Failed to load resource: net::ERR_BLOCKED_BY_CLIENT
12:54:11 [DEBUG] [browser console:error] Failed to load resource: net::ERR_BLOCKED_BY_CLIENT
12:54:11 [DEBUG] [browser console:error] Failed to load resource: net::ERR_BLOCKED_BY_CLIENT
12:54:11 [DEBUG] [browser console:error] Failed to load resource: net::ERR_BLOCKED_BY_CLIENT
12:54:11 [DEBUG] [browser console:error] Failed to load resource: net::ERR_BLOCKED_BY_CLIENT
12:54:11 [DEBUG] [browser console:error] Failed to load resource: net::ERR_BLOCKED_BY_CLIENT
12:54:11 [DEBUG] [browser console:error] Failed to load resource: net::ERR_BLOCKED_BY_CLIENT
12:54:11 [DEBUG] [browser console:error] Failed to load resource: net::ERR_BLOCKED_BY_CLIENT
12:54:11 [DEBUG] [browser console:error] Failed to load resource: net::ERR_BLOCKED_BY_CLIENT
12:54:11 [DEBUG] [browser console:error] Failed to load resource: net::ERR_BLOCKED_BY_CLIENT
12:54:11 [DEBUG] [browser console:error] Failed to load resource: net::ERR_BLOCKED_BY_CLIENT
12:54:11 [DEBUG] [browser console:error] Failed to load resource: net::ERR_BLOCKED_BY_CLIENT
12:54:11 [DEBUG] [browser console:error] Failed to load resource: net::ERR_BLOCKED_BY_CLIENT
12:54:11 [DEBUG] [browser console:error] Failed to load resource: net::ERR_BLOCKED_BY_CLIENT
12:54:11 [DEBUG] [browser console:error] Failed to load resource: net::ERR_BLOCKED_BY_CLIENT
12:54:12 [DEBUG] [browser console:error] Failed to load resource: net::ERR_BLOCKED_BY_CLIENT
12:54:12 [DEBUG] [browser console:error] Failed to load resource: net::ERR_BLOCKED_BY_CLIENT
12:54:12 [DEBUG] [browser console:error] Failed to load resource: net::ERR_BLOCKED_BY_CLIENT
12:54:12 [DEBUG] [browser console:error] Failed to load resource: net::ERR_BLOCKED_BY_CLIENT
12:54:12 [DEBUG] [browser console:error] Failed to load resource: net::ERR_BLOCKED_BY_CLIENT
12:54:12 [DEBUG] [browser console:error] Failed to load resource: net::ERR_BLOCKED_BY_CLIENT
12:54:12 [DEBUG] [browser console:error] Failed to load resource: net::ERR_BLOCKED_BY_CLIENT
12:54:12 [DEBUG] [browser console:error] Failed to load resource: net::ERR_BLOCKED_BY_CLIENT
12:54:12 [DEBUG] [browser console:error] Failed to load resource: net::ERR_BLOCKED_BY_CLIENT
12:54:13 [DEBUG] [browser console:error] Failed to load resource: net::ERR_BLOCKED_BY_CLIENT
12:54:13 [DEBUG] [browser console:error] Failed to load resource: net::ERR_BLOCKED_BY_CLIENT
12:54:13 [DEBUG] [browser console:error] Failed to load resource: net::ERR_BLOCKED_BY_CLIENT
12:54:13 [DEBUG] [browser console:error] Failed to load resource: net::ERR_BLOCKED_BY_CLIENT
12:54:13 [DEBUG] [browser console:error] Failed to load resource: net::ERR_BLOCKED_BY_CLIENT
12:54:13 [DEBUG] [browser console:error] Failed to load resource: net::ERR_BLOCKED_BY_CLIENT
12:54:13 [DEBUG] [browser console:error] Failed to load resource: net::ERR_BLOCKED_BY_CLIENT
12:54:13 [DEBUG] [browser console:error] Failed to load resource: net::ERR_BLOCKED_BY_CLIENT
12:54:13 [DEBUG] [browser console:error] Failed to load resource: net::ERR_BLOCKED_BY_CLIENT
12:54:14 [DEBUG] [browser console:error] Failed to load resource: net::ERR_BLOCKED_BY_CLIENT
12:54:14 [DEBUG] [browser console:error] Failed to load resource: net::ERR_BLOCKED_BY_CLIENT
12:54:14 [DEBUG] [browser console:error] Failed to load resource: net::ERR_BLOCKED_BY_CLIENT
12:54:14 [DEBUG] [browser console:error] Failed to load resource: net::ERR_BLOCKED_BY_CLIENT
12:54:14 [DEBUG] [browser console:error] Failed to load resource: net::ERR_BLOCKED_BY_CLIENT
12:54:14 [DEBUG] [browser console:error] Failed to load resource: net::ERR_BLOCKED_BY_CLIENT
12:54:14 [DEBUG] [browser console:error] Failed to load resource: net::ERR_BLOCKED_BY_CLIENT
12:54:14 [DEBUG] [browser console:error] Failed to load resource: net::ERR_BLOCKED_BY_CLIENT
12:54:14 [DEBUG] [browser console:error] Failed to load resource: net::ERR_BLOCKED_BY_CLIENT
12:54:15 [DEBUG] [browser console:error] Failed to load resource: net::ERR_BLOCKED_BY_CLIENT
12:54:15 [DEBUG] [browser console:error] Failed to load resource: net::ERR_BLOCKED_BY_CLIENT
12:54:15 [DEBUG] [browser console:error] Failed to load resource: net::ERR_BLOCKED_BY_CLIENT
12:54:15 [DEBUG] [browser console:error] Failed to load resource: net::ERR_BLOCKED_BY_CLIENT
12:54:15 [DEBUG] [browser console:error] Failed to load resource: net::ERR_BLOCKED_BY_CLIENT
12:54:15 [DEBUG] [browser console:error] Failed to load resource: net::ERR_BLOCKED_BY_CLIENT
12:54:15 [DEBUG] [browser console:error] Failed to load resource: net::ERR_BLOCKED_BY_CLIENT
12:54:15 [DEBUG] [browser console:error] Failed to load resource: net::ERR_BLOCKED_BY_CLIENT
12:54:15 [DEBUG] [browser console:error] Failed to load resource: net::ERR_BLOCKED_BY_CLIENT
12:54:16 [DEBUG] [browser console:error] Failed to load resource: net::ERR_BLOCKED_BY_CLIENT
12:54:16 [DEBUG] [browser console:error] Failed to load resource: net::ERR_BLOCKED_BY_CLIENT
12:54:16 [DEBUG] [browser console:error] Failed to load resource: net::ERR_BLOCKED_BY_CLIENT
12:54:16 [DEBUG] [browser console:error] Failed to load resource: net::ERR_BLOCKED_BY_CLIENT
12:54:16 [DEBUG] [browser console:error] Failed to load resource: net::ERR_BLOCKED_BY_CLIENT
12:54:16 [DEBUG] [browser console:error] Failed to load resource: net::ERR_BLOCKED_BY_CLIENT
12:54:16 [DEBUG] [browser console:error] Failed to load resource: net::ERR_BLOCKED_BY_CLIENT
12:54:16 [DEBUG] [browser console:error] Failed to load resource: net::ERR_BLOCKED_BY_CLIENT
12:54:16 [DEBUG] [browser console:error] Failed to load resource: net::ERR_BLOCKED_BY_CLIENT
12:54:17 [DEBUG] [browser console:error] Failed to load resource: net::ERR_BLOCKED_BY_CLIENT
12:54:17 [DEBUG] [browser console:error] Failed to load resource: net::ERR_BLOCKED_BY_CLIENT
12:54:17 [DEBUG] [browser console:error] Failed to load resource: net::ERR_BLOCKED_BY_CLIENT
12:54:17 [DEBUG] [browser console:error] Failed to load resource: net::ERR_BLOCKED_BY_CLIENT
12:54:17 [DEBUG] [browser console:error] Failed to load resource: net::ERR_BLOCKED_BY_CLIENT
12:54:17 [DEBUG] [browser console:error] Failed to load resource: net::ERR_BLOCKED_BY_CLIENT
12:54:17 [DEBUG] [browser console:error] Failed to load resource: net::ERR_BLOCKED_BY_CLIENT
12:54:17 [DEBUG] [browser console:error] Failed to load resource: net::ERR_BLOCKED_BY_CLIENT
12:54:17 [DEBUG] [browser console:error] Failed to load resource: net::ERR_BLOCKED_BY_CLIENT
12:54:18 [DEBUG] [browser console:error] Failed to load resource: net::ERR_BLOCKED_BY_CLIENT
12:54:18 [DEBUG] [browser console:error] Failed to load resource: net::ERR_BLOCKED_BY_CLIENT
12:54:18 [DEBUG] [browser console:error] Failed to load resource: net::ERR_BLOCKED_BY_CLIENT
12:54:18 [DEBUG] [browser console:error] Failed to load resource: net::ERR_BLOCKED_BY_CLIENT
12:54:18 [DEBUG] [browser console:error] Failed to load resource: net::ERR_BLOCKED_BY_CLIENT
12:54:18 [DEBUG] [browser console:error] Failed to load resource: net::ERR_BLOCKED_BY_CLIENT
12:54:18 [DEBUG] [browser console:error] Failed to load resource: net::ERR_BLOCKED_BY_CLIENT
12:54:18 [DEBUG] [browser console:error] Failed to load resource: net::ERR_BLOCKED_BY_CLIENT
12:54:18 [DEBUG] [browser console:error] Failed to load resource: net::ERR_BLOCKED_BY_CLIENT
12:54:19 [DEBUG] [browser console:error] Failed to load resource: net::ERR_BLOCKED_BY_CLIENT
12:54:19 [DEBUG] [browser console:error] Failed to load resource: net::ERR_BLOCKED_BY_CLIENT
12:54:19 [DEBUG] [browser console:error] Failed to load resource: net::ERR_BLOCKED_BY_CLIENT
12:54:19 [DEBUG] [browser console:error] Failed to load resource: net::ERR_BLOCKED_BY_CLIENT
12:54:19 [DEBUG] [browser console:error] Failed to load resource: net::ERR_BLOCKED_BY_CLIENT
12:54:19 [DEBUG] [browser console:error] Failed to load resource: net::ERR_BLOCKED_BY_CLIENT
12:54:19 [DEBUG] [browser console:error] Failed to load resource: net::ERR_BLOCKED_BY_CLIENT
12:54:19 [DEBUG] [browser console:error] Failed to load resource: net::ERR_BLOCKED_BY_CLIENT
12:54:19 [DEBUG] [browser console:error] Failed to load resource: net::ERR_BLOCKED_BY_CLIENT
12:54:20 [DEBUG] [browser console:error] Failed to load resource: net::ERR_BLOCKED_BY_CLIENT
12:54:20 [DEBUG] [browser console:error] Failed to load resource: net::ERR_BLOCKED_BY_CLIENT
12:54:20 [DEBUG] [browser console:error] Failed to load resource: net::ERR_BLOCKED_BY_CLIENT
12:54:20 [DEBUG] [browser console:error] Failed to load resource: net::ERR_BLOCKED_BY_CLIENT
12:54:20 [DEBUG] [browser console:error] Failed to load resource: net::ERR_BLOCKED_BY_CLIENT
12:54:20 [DEBUG] [browser console:error] Failed to load resource: net::ERR_BLOCKED_BY_CLIENT
12:54:20 [DEBUG] [browser console:error] Failed to load resource: net::ERR_BLOCKED_BY_CLIENT
12:54:20 [DEBUG] [browser console:error] Failed to load resource: net::ERR_BLOCKED_BY_CLIENT
12:54:20 [DEBUG] [browser console:error] Failed to load resource: net::ERR_BLOCKED_BY_CLIENT
12:54:21 [DEBUG] [browser console:error] Failed to load resource: net::ERR_BLOCKED_BY_CLIENT
12:54:21 [DEBUG] [browser console:error] Failed to load resource: net::ERR_BLOCKED_BY_CLIENT
12:54:21 [DEBUG] [browser console:error] Failed to load resource: net::ERR_BLOCKED_BY_CLIENT
12:54:21 [DEBUG] [browser console:error] Failed to load resource: net::ERR_BLOCKED_BY_CLIENT
12:54:21 [DEBUG] [browser console:error] Failed to load resource: net::ERR_BLOCKED_BY_CLIENT
12:54:21 [DEBUG] [browser console:error] Failed to load resource: net::ERR_BLOCKED_BY_CLIENT
12:54:21 [DEBUG] [browser console:error] Failed to load resource: net::ERR_BLOCKED_BY_CLIENT
12:54:21 [DEBUG] [browser console:error] Failed to load resource: net::ERR_BLOCKED_BY_CLIENT
12:54:21 [DEBUG] [browser console:error] Failed to load resource: net::ERR_BLOCKED_BY_CLIENT
12:54:21 [DEBUG] [browser console:error] Failed to load resource: net::ERR_BLOCKED_BY_CLIENT
12:54:22 [DEBUG] [browser console:error] Failed to load resource: net::ERR_BLOCKED_BY_CLIENT
12:54:22 [DEBUG] [browser console:error] Failed to load resource: net::ERR_BLOCKED_BY_CLIENT
12:54:22 [DEBUG] [browser console:error] Failed to load resource: net::ERR_BLOCKED_BY_CLIENT
12:54:22 [DEBUG] [browser console:error] Failed to load resource: net::ERR_BLOCKED_BY_CLIENT
12:54:22 [DEBUG] [browser console:error] Failed to load resource: net::ERR_BLOCKED_BY_CLIENT
12:54:22 [DEBUG] [browser console:error] Failed to load resource: net::ERR_BLOCKED_BY_CLIENT
12:54:22 [DEBUG] [browser console:error] Failed to load resource: net::ERR_BLOCKED_BY_CLIENT
12:54:22 [DEBUG] [browser console:error] Failed to load resource: net::ERR_BLOCKED_BY_CLIENT
12:54:22 [DEBUG] [browser console:error] Failed to load resource: net::ERR_BLOCKED_BY_CLIENT
12:54:23 [DEBUG] [browser console:error] Failed to load resource: net::ERR_BLOCKED_BY_CLIENT
12:54:23 [DEBUG] [browser console:error] Failed to load resource: net::ERR_BLOCKED_BY_CLIENT
12:54:23 [DEBUG] [browser console:error] Failed to load resource: net::ERR_BLOCKED_BY_CLIENT
12:54:23 [DEBUG] [browser console:error] Failed to load resource: net::ERR_BLOCKED_BY_CLIENT
12:54:23 [DEBUG] [browser console:error] Failed to load resource: net::ERR_BLOCKED_BY_CLIENT
12:54:23 [DEBUG] [browser console:error] Failed to load resource: net::ERR_BLOCKED_BY_CLIENT
12:54:23 [DEBUG] [browser console:error] Failed to load resource: net::ERR_BLOCKED_BY_CLIENT
12:54:23 [DEBUG] [browser console:error] Failed to load resource: net::ERR_BLOCKED_BY_CLIENT
12:54:23 [DEBUG] [browser console:error] Failed to load resource: net::ERR_BLOCKED_BY_CLIENT
12:54:24 [DEBUG] [browser console:error] Failed to load resource: net::ERR_BLOCKED_BY_CLIENT
12:54:24 [DEBUG] [browser console:error] Failed to load resource: net::ERR_BLOCKED_BY_CLIENT
12:54:24 [DEBUG] [browser console:error] Failed to load resource: net::ERR_BLOCKED_BY_CLIENT
12:54:24 [DEBUG] [browser console:error] Failed to load resource: net::ERR_BLOCKED_BY_CLIENT
12:54:24 [DEBUG] [browser console:error] Failed to load resource: net::ERR_BLOCKED_BY_CLIENT
12:54:24 [DEBUG] [browser console:error] Failed to load resource: net::ERR_BLOCKED_BY_CLIENT
12:54:24 [DEBUG] [browser console:error] Failed to load resource: net::ERR_BLOCKED_BY_CLIENT
12:54:24 [DEBUG] [browser console:error] Failed to load resource: net::ERR_BLOCKED_BY_CLIENT
12:54:24 [DEBUG] [browser console:error] Failed to load resource: net::ERR_BLOCKED_BY_CLIENT
12:54:25 [DEBUG] [browser console:error] Failed to load resource: net::ERR_BLOCKED_BY_CLIENT
12:54:25 [DEBUG] [browser console:error] Failed to load resource: net::ERR_BLOCKED_BY_CLIENT
12:54:25 [DEBUG] [browser console:error] Failed to load resource: net::ERR_BLOCKED_BY_CLIENT
12:54:25 [DEBUG] [browser console:error] Failed to load resource: net::ERR_BLOCKED_BY_CLIENT
12:54:25 [DEBUG] [browser console:error] Failed to load resource: net::ERR_BLOCKED_BY_CLIENT
12:54:25 [DEBUG] [browser console:error] Failed to load resource: net::ERR_BLOCKED_BY_CLIENT
12:54:25 [DEBUG] [browser console:error] Failed to load resource: net::ERR_BLOCKED_BY_CLIENT
12:54:25 [DEBUG] [browser console:error] Failed to load resource: net::ERR_BLOCKED_BY_CLIENT
12:54:25 [DEBUG] [browser console:error] Failed to load resource: net::ERR_BLOCKED_BY_CLIENT
12:54:26 [DEBUG] [browser console:error] Failed to load resource: net::ERR_BLOCKED_BY_CLIENT
12:54:26 [DEBUG] [browser console:error] Failed to load resource: net::ERR_BLOCKED_BY_CLIENT
12:54:26 [DEBUG] [browser console:error] Failed to load resource: net::ERR_BLOCKED_BY_CLIENT
12:54:26 [DEBUG] [browser console:error] Failed to load resource: net::ERR_BLOCKED_BY_CLIENT
12:54:26 [DEBUG] [browser console:error] Failed to load resource: net::ERR_BLOCKED_BY_CLIENT
12:54:26 [DEBUG] [browser console:error] Failed to load resource: net::ERR_BLOCKED_BY_CLIENT
12:54:26 [DEBUG] [browser console:error] Failed to load resource: net::ERR_BLOCKED_BY_CLIENT
12:54:26 [DEBUG] [browser console:error] Failed to load resource: net::ERR_BLOCKED_BY_CLIENT
12:54:26 [DEBUG] [browser console:error] Failed to load resource: net::ERR_BLOCKED_BY_CLIENT
12:54:26 [DEBUG] [browser console:error] Failed to load resource: net::ERR_BLOCKED_BY_CLIENT
12:54:27 [DEBUG] [browser console:error] Failed to load resource: net::ERR_BLOCKED_BY_CLIENT
12:54:27 [DEBUG] [browser console:error] Failed to load resource: net::ERR_BLOCKED_BY_CLIENT
12:54:27 [DEBUG] [browser console:error] Failed to load resource: net::ERR_BLOCKED_BY_CLIENT
12:54:27 [DEBUG] [browser console:error] Failed to load resource: net::ERR_BLOCKED_BY_CLIENT
12:54:27 [DEBUG] [browser console:error] Failed to load resource: net::ERR_BLOCKED_BY_CLIENT
12:54:27 [DEBUG] [browser console:error] Failed to load resource: net::ERR_BLOCKED_BY_CLIENT
12:54:27 [DEBUG] [browser console:error] Failed to load resource: net::ERR_BLOCKED_BY_CLIENT
12:54:27 [DEBUG] [browser console:error] Failed to load resource: net::ERR_BLOCKED_BY_CLIENT
12:54:27 [DEBUG] [browser console:error] Failed to load resource: net::ERR_BLOCKED_BY_CLIENT
12:54:28 [DEBUG] [browser console:error] Failed to load resource: net::ERR_BLOCKED_BY_CLIENT
12:54:28 [DEBUG] [browser console:error] Failed to load resource: net::ERR_BLOCKED_BY_CLIENT
12:54:28 [DEBUG] [browser console:error] Failed to load resource: net::ERR_BLOCKED_BY_CLIENT
12:54:28 [DEBUG] [browser console:error] Failed to load resource: net::ERR_BLOCKED_BY_CLIENT
12:54:28 [DEBUG] [browser console:error] Failed to load resource: net::ERR_BLOCKED_BY_CLIENT
12:54:28 [DEBUG] [browser console:error] Failed to load resource: net::ERR_BLOCKED_BY_CLIENT
12:54:28 [DEBUG] [browser console:error] Failed to load resource: net::ERR_BLOCKED_BY_CLIENT
12:54:28 [DEBUG] [browser console:error] Failed to load resource: net::ERR_BLOCKED_BY_CLIENT
12:54:28 [DEBUG] [browser console:error] Failed to load resource: net::ERR_BLOCKED_BY_CLIENT
12:54:29 [DEBUG] [browser console:error] Failed to load resource: net::ERR_BLOCKED_BY_CLIENT
12:54:29 [DEBUG] [browser console:error] Failed to load resource: net::ERR_BLOCKED_BY_CLIENT
12:54:29 [DEBUG] [browser console:error] Failed to load resource: net::ERR_BLOCKED_BY_CLIENT
12:54:29 [DEBUG] [browser console:error] Failed to load resource: net::ERR_BLOCKED_BY_CLIENT
12:54:29 [DEBUG] [browser console:error] Failed to load resource: net::ERR_BLOCKED_BY_CLIENT
12:54:29 [DEBUG] [browser console:error] Failed to load resource: net::ERR_BLOCKED_BY_CLIENT
12:54:29 [DEBUG] [browser console:error] Failed to load resource: net::ERR_BLOCKED_BY_CLIENT
12:54:29 [DEBUG] [browser console:error] Failed to load resource: net::ERR_BLOCKED_BY_CLIENT
12:54:29 [DEBUG] [browser console:error] Failed to load resource: net::ERR_BLOCKED_BY_CLIENT
12:54:30 [DEBUG] [browser console:error] Failed to load resource: net::ERR_BLOCKED_BY_CLIENT
12:54:30 [DEBUG] [browser console:error] Failed to load resource: net::ERR_BLOCKED_BY_CLIENT
12:54:30 [DEBUG] [browser console:error] Failed to load resource: net::ERR_BLOCKED_BY_CLIENT
12:54:30 [DEBUG] [browser console:error] Failed to load resource: net::ERR_BLOCKED_BY_CLIENT
12:54:30 [DEBUG] [browser console:error] Failed to load resource: net::ERR_BLOCKED_BY_CLIENT
12:54:30 [DEBUG] [browser console:error] Failed to load resource: net::ERR_BLOCKED_BY_CLIENT
12:54:30 [DEBUG] [browser console:error] Failed to load resource: net::ERR_BLOCKED_BY_CLIENT
12:54:30 [DEBUG] [browser console:error] Failed to load resource: net::ERR_BLOCKED_BY_CLIENT
12:54:30 [DEBUG] [browser console:error] Failed to load resource: net::ERR_BLOCKED_BY_CLIENT
12:54:30 [DEBUG] [browser console:error] Failed to load resource: net::ERR_BLOCKED_BY_CLIENT
12:54:31 [DEBUG] [browser console:error] Failed to load resource: net::ERR_BLOCKED_BY_CLIENT
12:54:31 [DEBUG] [browser console:error] Failed to load resource: net::ERR_BLOCKED_BY_CLIENT
12:54:31 [DEBUG] [browser console:error] Failed to load resource: net::ERR_BLOCKED_BY_CLIENT
12:54:31 [DEBUG] [browser console:error] Failed to load resource: net::ERR_BLOCKED_BY_CLIENT
12:54:31 [DEBUG] [browser console:error] Failed to load resource: net::ERR_BLOCKED_BY_CLIENT
12:54:31 [DEBUG] [browser console:error] Failed to load resource: net::ERR_BLOCKED_BY_CLIENT
12:54:31 [DEBUG] [browser console:error] Failed to load resource: net::ERR_BLOCKED_BY_CLIENT
12:54:31 [DEBUG] [browser console:error] Failed to load resource: net::ERR_BLOCKED_BY_CLIENT
12:54:31 [DEBUG] [browser console:error] Failed to load resource: net::ERR_BLOCKED_BY_CLIENT
12:54:32 [DEBUG] [browser console:error] Failed to load resource: net::ERR_BLOCKED_BY_CLIENT
12:54:32 [DEBUG] [browser console:error] Failed to load resource: net::ERR_BLOCKED_BY_CLIENT
12:54:32 [DEBUG] [browser console:error] Failed to load resource: net::ERR_BLOCKED_BY_CLIENT
12:54:32 [DEBUG] [browser console:error] Failed to load resource: net::ERR_BLOCKED_BY_CLIENT
12:54:32 [DEBUG] [browser console:error] Failed to load resource: net::ERR_BLOCKED_BY_CLIENT
12:54:32 [DEBUG] [browser console:error] Failed to load resource: net::ERR_BLOCKED_BY_CLIENT
12:54:32 [DEBUG] [browser console:error] Failed to load resource: net::ERR_BLOCKED_BY_CLIENT
12:54:32 [DEBUG] [browser console:error] Failed to load resource: net::ERR_BLOCKED_BY_CLIENT
12:54:32 [DEBUG] [browser console:error] Failed to load resource: net::ERR_BLOCKED_BY_CLIENT
12:54:33 [DEBUG] [browser console:error] Failed to load resource: net::ERR_BLOCKED_BY_CLIENT
12:54:33 [DEBUG] [browser console:error] Failed to load resource: net::ERR_BLOCKED_BY_CLIENT
12:54:33 [DEBUG] [browser console:error] Failed to load resource: net::ERR_BLOCKED_BY_CLIENT
12:54:33 [DEBUG] [browser console:error] Failed to load resource: net::ERR_BLOCKED_BY_CLIENT
12:54:33 [DEBUG] [browser console:error] Failed to load resource: net::ERR_BLOCKED_BY_CLIENT
12:54:33 [DEBUG] [browser console:error] Failed to load resource: net::ERR_BLOCKED_BY_CLIENT
12:54:33 [DEBUG] [browser console:error] Failed to load resource: net::ERR_BLOCKED_BY_CLIENT
12:54:33 [DEBUG] [browser console:error] Failed to load resource: net::ERR_BLOCKED_BY_CLIENT
12:54:33 [DEBUG] [browser console:error] Failed to load resource: net::ERR_BLOCKED_BY_CLIENT
12:54:34 [DEBUG] [browser console:error] Failed to load resource: net::ERR_BLOCKED_BY_CLIENT
12:54:34 [DEBUG] [browser console:error] Failed to load resource: net::ERR_BLOCKED_BY_CLIENT
12:54:34 [DEBUG] [browser console:error] Failed to load resource: net::ERR_BLOCKED_BY_CLIENT
12:54:34 [DEBUG] [browser console:error] Failed to load resource: net::ERR_BLOCKED_BY_CLIENT
12:54:34 [DEBUG] [browser console:error] Failed to load resource: net::ERR_BLOCKED_BY_CLIENT
12:54:34 [DEBUG] [browser console:error] Failed to load resource: net::ERR_BLOCKED_BY_CLIENT
12:54:34 [DEBUG] [browser console:error] Failed to load resource: net::ERR_BLOCKED_BY_CLIENT
12:54:34 [DEBUG] [browser console:error] Failed to load resource: net::ERR_BLOCKED_BY_CLIENT
12:54:34 [DEBUG] [browser console:error] Failed to load resource: net::ERR_BLOCKED_BY_CLIENT
12:54:34 [DEBUG] [browser console:error] Failed to load resource: net::ERR_BLOCKED_BY_CLIENT
12:54:35 [DEBUG] [browser console:error] Failed to load resource: net::ERR_BLOCKED_BY_CLIENT
12:54:35 [DEBUG] [browser console:error] Failed to load resource: net::ERR_BLOCKED_BY_CLIENT
12:54:35 [DEBUG] [browser console:error] Failed to load resource: net::ERR_BLOCKED_BY_CLIENT
12:54:35 [DEBUG] [browser console:error] Failed to load resource: net::ERR_BLOCKED_BY_CLIENT
12:54:35 [DEBUG] [browser console:error] Failed to load resource: net::ERR_BLOCKED_BY_CLIENT
12:54:35 [DEBUG] [browser console:error] Failed to load resource: net::ERR_BLOCKED_BY_CLIENT
12:54:35 [ERROR] Step 6 FAILED after 24.05s [RuntimeError] Could not find the LinkedIn jobs search box with any known selector (tried: ["input[aria-label='Search by title, skill, or company']", "input[aria-label='Search job titles or companies']", 'input.jobs-search-box__text-input', '#job-search-bar-keywords']). LinkedIn may have changed its markup -- check the most recent screenshot to see what the page actually looks like, then add the real selector to JOB_SEARCH_BOX_SELECTORS.  (page was at: https://www.linkedin.com/jobs/)
12:54:35 [DEBUG] Full traceback for step 6:
Traceback (most recent call last):
  File "D:\Projects\linkedin bot\main.py", line 688, in run_task_list
    result = fn(self, step)
  File "D:\Projects\linkedin bot\main.py", line 660, in <lambda>
    "search_linkedin_jobs": lambda self, s: self.search_linkedin_jobs(s["query"]),
                                            ~~~~~~~~~~~~~~~~~~~~~~~~~^^^^^^^^^^^^
  File "D:\Projects\linkedin bot\main.py", line 417, in search_linkedin_jobs
    raise RuntimeError(
    ...<5 lines>...
    )
RuntimeError: Could not find the LinkedIn jobs search box with any known selector (tried: ["input[aria-label='Search by title, skill, or company']", "input[aria-label='Search job titles or companies']", 'input.jobs-search-box__text-input', '#job-search-bar-keywords']). LinkedIn may have changed its markup -- check the most recent screenshot to see what the page actually looks like, then add the real selector to JOB_SEARCH_BOX_SELECTORS.

12:54:35 [DEBUG] [browser console:error] Failed to load resource: net::ERR_BLOCKED_BY_CLIENT
12:54:35 [DEBUG] [browser console:error] Failed to load resource: net::ERR_BLOCKED_BY_CLIENT
12:54:35 [DEBUG] Saved screenshot: run_output\screenshots\step_5_search_linkedin_jobs.png
12:54:35 [DEBUG] Requesting AI description of screenshot from Ollama...
12:54:39 [INFO] --- Step 7/9: wait ---
12:54:39 [DEBUG] Step 7 params: {'action': 'wait', 'seconds': 2}
12:54:41 [INFO] Step 7 OK (2.00s) -- now at https://www.linkedin.com/jobs/
12:54:41 [DEBUG] [browser console:error] Failed to load resource: net::ERR_BLOCKED_BY_CLIENT
12:54:41 [DEBUG] [browser console:error] Failed to load resource: net::ERR_BLOCKED_BY_CLIENT
12:54:41 [DEBUG] [browser console:error] Failed to load resource: net::ERR_BLOCKED_BY_CLIENT
12:54:41 [DEBUG] [browser console:error] Failed to load resource: net::ERR_BLOCKED_BY_CLIENT
12:54:41 [DEBUG] [browser console:error] Failed to load resource: net::ERR_BLOCKED_BY_CLIENT
12:54:41 [DEBUG] [browser console:error] Failed to load resource: net::ERR_BLOCKED_BY_CLIENT
12:54:41 [DEBUG] [browser console:error] Failed to load resource: net::ERR_BLOCKED_BY_CLIENT
12:54:41 [DEBUG] [browser console:error] Failed to load resource: net::ERR_BLOCKED_BY_CLIENT
12:54:41 [DEBUG] [browser console:error] Failed to load resource: net::ERR_BLOCKED_BY_CLIENT
12:54:41 [DEBUG] [browser console:error] Failed to load resource: net::ERR_BLOCKED_BY_CLIENT
12:54:41 [DEBUG] [browser console:error] Failed to load resource: net::ERR_BLOCKED_BY_CLIENT
12:54:41 [DEBUG] [browser console:error] Failed to load resource: net::ERR_BLOCKED_BY_CLIENT
12:54:41 [DEBUG] [browser console:error] Failed to load resource: net::ERR_BLOCKED_BY_CLIENT
12:54:41 [DEBUG] [browser console:error] Failed to load resource: net::ERR_BLOCKED_BY_CLIENT
12:54:41 [DEBUG] [browser console:error] Failed to load resource: net::ERR_BLOCKED_BY_CLIENT
12:54:41 [DEBUG] [browser console:error] Failed to load resource: net::ERR_BLOCKED_BY_CLIENT
12:54:41 [DEBUG] [browser console:error] Failed to load resource: net::ERR_BLOCKED_BY_CLIENT
12:54:41 [DEBUG] [browser console:error] Failed to load resource: net::ERR_BLOCKED_BY_CLIENT
12:54:41 [DEBUG] [browser console:error] Failed to load resource: net::ERR_BLOCKED_BY_CLIENT
12:54:41 [DEBUG] [browser console:error] Failed to load resource: net::ERR_BLOCKED_BY_CLIENT
12:54:41 [DEBUG] [browser console:error] Failed to load resource: net::ERR_BLOCKED_BY_CLIENT
12:54:41 [DEBUG] [browser console:error] Failed to load resource: net::ERR_BLOCKED_BY_CLIENT
12:54:41 [DEBUG] [browser console:error] Failed to load resource: net::ERR_BLOCKED_BY_CLIENT
12:54:41 [DEBUG] [browser console:error] Failed to load resource: net::ERR_BLOCKED_BY_CLIENT
12:54:41 [DEBUG] [browser console:error] Failed to load resource: net::ERR_BLOCKED_BY_CLIENT
12:54:41 [DEBUG] [browser console:error] Failed to load resource: net::ERR_BLOCKED_BY_CLIENT
12:54:41 [DEBUG] [browser console:error] Failed to load resource: net::ERR_BLOCKED_BY_CLIENT
12:54:41 [DEBUG] [browser console:error] Failed to load resource: net::ERR_BLOCKED_BY_CLIENT
12:54:41 [DEBUG] [browser console:error] Failed to load resource: net::ERR_BLOCKED_BY_CLIENT
12:54:41 [DEBUG] [browser console:error] Failed to load resource: net::ERR_BLOCKED_BY_CLIENT
12:54:41 [DEBUG] [browser console:error] Failed to load resource: net::ERR_BLOCKED_BY_CLIENT
12:54:41 [DEBUG] [browser console:error] Failed to load resource: net::ERR_BLOCKED_BY_CLIENT
12:54:41 [DEBUG] [browser console:error] Failed to load resource: net::ERR_BLOCKED_BY_CLIENT
12:54:41 [DEBUG] [browser console:error] Failed to load resource: net::ERR_BLOCKED_BY_CLIENT
12:54:41 [DEBUG] [browser console:error] Failed to load resource: net::ERR_BLOCKED_BY_CLIENT
12:54:41 [DEBUG] [browser console:error] Failed to load resource: net::ERR_BLOCKED_BY_CLIENT
12:54:41 [DEBUG] [browser console:error] Failed to load resource: net::ERR_BLOCKED_BY_CLIENT
12:54:41 [DEBUG] [browser console:error] Failed to load resource: net::ERR_BLOCKED_BY_CLIENT
12:54:41 [DEBUG] [browser console:error] Failed to load resource: net::ERR_BLOCKED_BY_CLIENT
12:54:41 [DEBUG] [browser console:error] Failed to load resource: net::ERR_BLOCKED_BY_CLIENT
12:54:41 [DEBUG] [browser console:error] Failed to load resource: net::ERR_BLOCKED_BY_CLIENT
12:54:41 [DEBUG] [browser console:error] Failed to load resource: net::ERR_BLOCKED_BY_CLIENT
12:54:41 [DEBUG] [browser console:error] Failed to load resource: net::ERR_BLOCKED_BY_CLIENT
12:54:41 [DEBUG] [browser console:error] Failed to load resource: net::ERR_BLOCKED_BY_CLIENT
12:54:41 [DEBUG] [browser console:error] Failed to load resource: net::ERR_BLOCKED_BY_CLIENT
12:54:41 [DEBUG] [browser console:error] Failed to load resource: net::ERR_BLOCKED_BY_CLIENT
12:54:41 [DEBUG] [browser console:error] Failed to load resource: net::ERR_BLOCKED_BY_CLIENT
12:54:41 [DEBUG] [browser console:error] Failed to load resource: net::ERR_BLOCKED_BY_CLIENT
12:54:41 [DEBUG] [browser console:error] Failed to load resource: net::ERR_BLOCKED_BY_CLIENT
12:54:41 [DEBUG] [browser console:error] Failed to load resource: net::ERR_BLOCKED_BY_CLIENT
12:54:41 [DEBUG] [browser console:error] Failed to load resource: net::ERR_BLOCKED_BY_CLIENT
12:54:41 [DEBUG] [browser console:error] Failed to load resource: net::ERR_BLOCKED_BY_CLIENT
12:54:41 [DEBUG] [browser console:error] Failed to load resource: net::ERR_BLOCKED_BY_CLIENT
12:54:41 [DEBUG] [browser console:error] Failed to load resource: net::ERR_BLOCKED_BY_CLIENT
12:54:41 [DEBUG] [browser console:error] Failed to load resource: net::ERR_BLOCKED_BY_CLIENT
12:54:41 [DEBUG] [browser console:error] Failed to load resource: net::ERR_BLOCKED_BY_CLIENT
12:54:41 [DEBUG] [browser console:error] Failed to load resource: net::ERR_BLOCKED_BY_CLIENT
12:54:41 [DEBUG] Saved screenshot: run_output\screenshots\step_6_wait.png
12:54:41 [DEBUG] Requesting AI description of screenshot from Ollama...
12:54:46 [INFO] --- Step 8/9: screenshot ---
12:54:46 [DEBUG] Step 8 params: {'action': 'screenshot', 'name': 'job_search_results'}
12:54:46 [DEBUG] [browser console:error] Failed to load resource: net::ERR_BLOCKED_BY_CLIENT
12:54:46 [DEBUG] [browser console:error] Failed to load resource: net::ERR_BLOCKED_BY_CLIENT
12:54:46 [DEBUG] [browser console:error] Failed to load resource: net::ERR_BLOCKED_BY_CLIENT
12:54:46 [DEBUG] [browser console:error] Failed to load resource: net::ERR_BLOCKED_BY_CLIENT
12:54:46 [DEBUG] [browser console:error] Failed to load resource: net::ERR_BLOCKED_BY_CLIENT
12:54:46 [DEBUG] [browser console:error] Failed to load resource: net::ERR_BLOCKED_BY_CLIENT
12:54:46 [DEBUG] [browser console:error] Failed to load resource: net::ERR_BLOCKED_BY_CLIENT
12:54:46 [DEBUG] [browser console:error] Failed to load resource: net::ERR_BLOCKED_BY_CLIENT
12:54:46 [DEBUG] [browser console:error] Failed to load resource: net::ERR_BLOCKED_BY_CLIENT
12:54:46 [DEBUG] [browser console:error] Failed to load resource: net::ERR_BLOCKED_BY_CLIENT
12:54:46 [DEBUG] [browser console:error] Failed to load resource: net::ERR_BLOCKED_BY_CLIENT
12:54:46 [DEBUG] [browser console:error] Failed to load resource: net::ERR_BLOCKED_BY_CLIENT
12:54:46 [DEBUG] [browser console:error] Failed to load resource: net::ERR_BLOCKED_BY_CLIENT
12:54:46 [DEBUG] [browser console:error] Failed to load resource: net::ERR_BLOCKED_BY_CLIENT
12:54:46 [DEBUG] [browser console:error] Failed to load resource: net::ERR_BLOCKED_BY_CLIENT
12:54:46 [DEBUG] [browser console:error] Failed to load resource: net::ERR_BLOCKED_BY_CLIENT
12:54:46 [DEBUG] [browser console:error] Failed to load resource: net::ERR_BLOCKED_BY_CLIENT
12:54:46 [DEBUG] [browser console:error] Failed to load resource: net::ERR_BLOCKED_BY_CLIENT
12:54:46 [DEBUG] [browser console:error] Failed to load resource: net::ERR_BLOCKED_BY_CLIENT
12:54:46 [DEBUG] [browser console:error] Failed to load resource: net::ERR_BLOCKED_BY_CLIENT
12:54:46 [DEBUG] [browser console:error] Failed to load resource: net::ERR_BLOCKED_BY_CLIENT
12:54:46 [DEBUG] [browser console:error] Failed to load resource: net::ERR_BLOCKED_BY_CLIENT
12:54:46 [DEBUG] [browser console:error] Failed to load resource: net::ERR_BLOCKED_BY_CLIENT
12:54:46 [DEBUG] [browser console:error] Failed to load resource: net::ERR_BLOCKED_BY_CLIENT
12:54:46 [DEBUG] [browser console:error] Failed to load resource: net::ERR_BLOCKED_BY_CLIENT
12:54:46 [DEBUG] [browser console:error] Failed to load resource: net::ERR_BLOCKED_BY_CLIENT
12:54:46 [DEBUG] [browser console:error] Failed to load resource: net::ERR_BLOCKED_BY_CLIENT
12:54:46 [DEBUG] [browser console:error] Failed to load resource: net::ERR_BLOCKED_BY_CLIENT
12:54:46 [DEBUG] [browser console:error] Failed to load resource: net::ERR_BLOCKED_BY_CLIENT
12:54:46 [DEBUG] [browser console:error] Failed to load resource: net::ERR_BLOCKED_BY_CLIENT
12:54:46 [DEBUG] [browser console:error] Failed to load resource: net::ERR_BLOCKED_BY_CLIENT
12:54:46 [DEBUG] [browser console:error] Failed to load resource: net::ERR_BLOCKED_BY_CLIENT
12:54:46 [DEBUG] [browser console:error] Failed to load resource: net::ERR_BLOCKED_BY_CLIENT
12:54:46 [DEBUG] [browser console:error] Failed to load resource: net::ERR_BLOCKED_BY_CLIENT
12:54:46 [DEBUG] [browser console:error] Failed to load resource: net::ERR_BLOCKED_BY_CLIENT
12:54:46 [DEBUG] [browser console:error] Failed to load resource: net::ERR_BLOCKED_BY_CLIENT
12:54:46 [DEBUG] [browser console:error] Failed to load resource: net::ERR_BLOCKED_BY_CLIENT
12:54:46 [DEBUG] [browser console:error] Failed to load resource: net::ERR_BLOCKED_BY_CLIENT
12:54:46 [DEBUG] [browser console:error] Failed to load resource: net::ERR_BLOCKED_BY_CLIENT
12:54:46 [DEBUG] [browser console:error] Failed to load resource: net::ERR_BLOCKED_BY_CLIENT
12:54:46 [DEBUG] [browser console:error] Failed to load resource: net::ERR_BLOCKED_BY_CLIENT
12:54:46 [INFO] Step 8 OK (0.13s) -- now at https://www.linkedin.com/jobs/
12:54:46 [DEBUG] [browser console:error] Failed to load resource: net::ERR_BLOCKED_BY_CLIENT
12:54:46 [DEBUG] Saved screenshot: run_output\screenshots\step_7_screenshot.png
12:54:46 [DEBUG] Requesting AI description of screenshot from Ollama...
12:54:50 [INFO] --- Step 9/9: scrape_job_companies ---
12:54:50 [DEBUG] Step 9 params: {'action': 'scrape_job_companies', 'output_file': 'companies.txt', 'max_pages': 10}
12:54:50 [DEBUG] Waiting for the job results list to appear...
12:54:50 [DEBUG] [browser console:error] Failed to load resource: net::ERR_BLOCKED_BY_CLIENT
12:54:50 [DEBUG] [browser console:error] Failed to load resource: net::ERR_BLOCKED_BY_CLIENT
12:54:50 [DEBUG] [browser console:error] Failed to load resource: net::ERR_BLOCKED_BY_CLIENT
12:54:50 [DEBUG] [browser console:error] Failed to load resource: net::ERR_BLOCKED_BY_CLIENT
12:54:50 [DEBUG] [browser console:error] Failed to load resource: net::ERR_BLOCKED_BY_CLIENT
12:54:50 [DEBUG] [browser console:error] Failed to load resource: net::ERR_BLOCKED_BY_CLIENT
12:54:50 [DEBUG] [browser console:error] Failed to load resource: net::ERR_BLOCKED_BY_CLIENT
12:54:50 [DEBUG] [browser console:error] Failed to load resource: net::ERR_BLOCKED_BY_CLIENT
12:54:50 [DEBUG] [browser console:error] Failed to load resource: net::ERR_BLOCKED_BY_CLIENT
12:54:50 [DEBUG] [browser console:error] Failed to load resource: net::ERR_BLOCKED_BY_CLIENT
12:54:50 [DEBUG] [browser console:error] Failed to load resource: net::ERR_BLOCKED_BY_CLIENT
12:54:50 [DEBUG] [browser console:error] Failed to load resource: net::ERR_BLOCKED_BY_CLIENT
12:54:50 [DEBUG] [browser console:error] Failed to load resource: net::ERR_BLOCKED_BY_CLIENT
12:54:50 [DEBUG] [browser console:error] Failed to load resource: net::ERR_BLOCKED_BY_CLIENT
12:54:50 [DEBUG] [browser console:error] Failed to load resource: net::ERR_BLOCKED_BY_CLIENT
12:54:50 [DEBUG] [browser console:error] Failed to load resource: net::ERR_BLOCKED_BY_CLIENT
12:54:50 [DEBUG] [browser console:error] Failed to load resource: net::ERR_BLOCKED_BY_CLIENT
12:54:50 [DEBUG] [browser console:error] Failed to load resource: net::ERR_BLOCKED_BY_CLIENT
12:54:50 [DEBUG] [browser console:error] Failed to load resource: net::ERR_BLOCKED_BY_CLIENT
12:54:50 [DEBUG] [browser console:error] Failed to load resource: net::ERR_BLOCKED_BY_CLIENT
12:54:50 [DEBUG] [browser console:error] Failed to load resource: net::ERR_BLOCKED_BY_CLIENT
12:54:50 [DEBUG] [browser console:error] Failed to load resource: net::ERR_BLOCKED_BY_CLIENT
12:54:50 [DEBUG] [browser console:error] Failed to load resource: net::ERR_BLOCKED_BY_CLIENT
12:54:50 [DEBUG] [browser console:error] Failed to load resource: net::ERR_BLOCKED_BY_CLIENT
12:54:50 [DEBUG] [browser console:error] Failed to load resource: net::ERR_BLOCKED_BY_CLIENT
12:54:50 [DEBUG] [browser console:error] Failed to load resource: net::ERR_BLOCKED_BY_CLIENT
12:54:50 [DEBUG] [browser console:error] Failed to load resource: net::ERR_BLOCKED_BY_CLIENT
12:54:50 [DEBUG] [browser console:error] Failed to load resource: net::ERR_BLOCKED_BY_CLIENT
12:54:50 [DEBUG] [browser console:error] Failed to load resource: net::ERR_BLOCKED_BY_CLIENT
12:54:50 [DEBUG] [browser console:error] Failed to load resource: net::ERR_BLOCKED_BY_CLIENT
12:54:50 [DEBUG] [browser console:error] Failed to load resource: net::ERR_BLOCKED_BY_CLIENT
12:54:50 [DEBUG] [browser console:error] Failed to load resource: net::ERR_BLOCKED_BY_CLIENT
12:54:50 [DEBUG] [browser console:error] Failed to load resource: net::ERR_BLOCKED_BY_CLIENT
12:54:50 [DEBUG] [browser console:error] Failed to load resource: net::ERR_BLOCKED_BY_CLIENT
12:54:50 [DEBUG] [browser console:error] Failed to load resource: net::ERR_BLOCKED_BY_CLIENT
12:54:50 [DEBUG] [browser console:error] Failed to load resource: net::ERR_BLOCKED_BY_CLIENT
12:54:50 [DEBUG] [browser console:error] Failed to load resource: net::ERR_BLOCKED_BY_CLIENT
12:54:50 [DEBUG] [browser console:error] Failed to load resource: net::ERR_BLOCKED_BY_CLIENT
12:54:50 [DEBUG] [browser console:error] Failed to load resource: net::ERR_BLOCKED_BY_CLIENT
12:54:50 [DEBUG] [browser console:error] Failed to load resource: net::ERR_BLOCKED_BY_CLIENT
12:54:51 [DEBUG] [browser console:error] Failed to load resource: net::ERR_BLOCKED_BY_CLIENT
12:54:51 [DEBUG] [browser console:error] Failed to load resource: net::ERR_BLOCKED_BY_CLIENT
12:54:51 [DEBUG] [browser console:error] Failed to load resource: net::ERR_BLOCKED_BY_CLIENT
12:54:51 [DEBUG] [browser console:error] Failed to load resource: net::ERR_BLOCKED_BY_CLIENT
12:54:51 [DEBUG] [browser console:error] Failed to load resource: net::ERR_BLOCKED_BY_CLIENT
12:54:51 [DEBUG] [browser console:error] Failed to load resource: net::ERR_BLOCKED_BY_CLIENT
12:54:51 [DEBUG] [browser console:error] Failed to load resource: net::ERR_BLOCKED_BY_CLIENT
12:54:51 [DEBUG] [browser console:error] Failed to load resource: net::ERR_BLOCKED_BY_CLIENT
12:54:51 [DEBUG] [browser console:error] Failed to load resource: net::ERR_BLOCKED_BY_CLIENT
12:54:51 [DEBUG] [browser console:error] Failed to load resource: net::ERR_BLOCKED_BY_CLIENT
12:54:52 [DEBUG] [browser console:error] Failed to load resource: net::ERR_BLOCKED_BY_CLIENT
12:54:52 [DEBUG] [browser console:error] Failed to load resource: net::ERR_BLOCKED_BY_CLIENT
12:54:52 [DEBUG] [browser console:error] Failed to load resource: net::ERR_BLOCKED_BY_CLIENT
12:54:52 [DEBUG] [browser console:error] Failed to load resource: net::ERR_BLOCKED_BY_CLIENT
12:54:52 [DEBUG] [browser console:error] Failed to load resource: net::ERR_BLOCKED_BY_CLIENT
12:54:52 [DEBUG] [browser console:error] Failed to load resource: net::ERR_BLOCKED_BY_CLIENT
12:54:52 [DEBUG] [browser console:error] Failed to load resource: net::ERR_BLOCKED_BY_CLIENT
12:54:52 [DEBUG] [browser console:error] Failed to load resource: net::ERR_BLOCKED_BY_CLIENT
12:54:52 [DEBUG] [browser console:error] Failed to load resource: net::ERR_BLOCKED_BY_CLIENT
12:54:53 [DEBUG] [browser console:error] Failed to load resource: net::ERR_BLOCKED_BY_CLIENT
12:54:53 [DEBUG] [browser console:error] Failed to load resource: net::ERR_BLOCKED_BY_CLIENT
12:54:53 [DEBUG] [browser console:error] Failed to load resource: net::ERR_BLOCKED_BY_CLIENT
12:54:53 [DEBUG] [browser console:error] Failed to load resource: net::ERR_BLOCKED_BY_CLIENT
12:54:53 [DEBUG] [browser console:error] Failed to load resource: net::ERR_BLOCKED_BY_CLIENT
12:54:53 [DEBUG] [browser console:error] Failed to load resource: net::ERR_BLOCKED_BY_CLIENT
12:54:53 [DEBUG] [browser console:error] Failed to load resource: net::ERR_BLOCKED_BY_CLIENT
12:54:53 [DEBUG] [browser console:error] Failed to load resource: net::ERR_BLOCKED_BY_CLIENT
12:54:53 [DEBUG] [browser console:error] Failed to load resource: net::ERR_BLOCKED_BY_CLIENT
12:54:54 [DEBUG] [browser console:error] Failed to load resource: net::ERR_BLOCKED_BY_CLIENT
12:54:54 [DEBUG] [browser console:error] Failed to load resource: net::ERR_BLOCKED_BY_CLIENT
12:54:54 [DEBUG] [browser console:error] Failed to load resource: net::ERR_BLOCKED_BY_CLIENT
12:54:54 [DEBUG] [browser console:error] Failed to load resource: net::ERR_BLOCKED_BY_CLIENT
12:54:54 [DEBUG] [browser console:error] Failed to load resource: net::ERR_BLOCKED_BY_CLIENT
12:54:54 [DEBUG] [browser console:error] Failed to load resource: net::ERR_BLOCKED_BY_CLIENT
12:54:54 [DEBUG] [browser console:error] Failed to load resource: net::ERR_BLOCKED_BY_CLIENT
12:54:54 [DEBUG] [browser console:error] Failed to load resource: net::ERR_BLOCKED_BY_CLIENT
12:54:54 [DEBUG] [browser console:error] Failed to load resource: net::ERR_BLOCKED_BY_CLIENT
12:54:55 [DEBUG] [browser console:error] Failed to load resource: net::ERR_BLOCKED_BY_CLIENT
12:54:55 [DEBUG] [browser console:error] Failed to load resource: net::ERR_BLOCKED_BY_CLIENT
12:54:55 [DEBUG] [browser console:error] Failed to load resource: net::ERR_BLOCKED_BY_CLIENT
12:54:55 [DEBUG] [browser console:error] Failed to load resource: net::ERR_BLOCKED_BY_CLIENT
12:54:55 [DEBUG] [browser console:error] Failed to load resource: net::ERR_BLOCKED_BY_CLIENT
12:54:55 [DEBUG] [browser console:error] Failed to load resource: net::ERR_BLOCKED_BY_CLIENT
12:54:55 [DEBUG] [browser console:error] Failed to load resource: net::ERR_BLOCKED_BY_CLIENT
12:54:55 [DEBUG] [browser console:error] Failed to load resource: net::ERR_BLOCKED_BY_CLIENT
12:54:55 [DEBUG] [browser console:error] Failed to load resource: net::ERR_BLOCKED_BY_CLIENT
12:54:55 [DEBUG] [browser console:error] Failed to load resource: net::ERR_BLOCKED_BY_CLIENT
12:54:56 [DEBUG] [browser console:error] Failed to load resource: net::ERR_BLOCKED_BY_CLIENT
12:54:56 [DEBUG] [browser console:error] Failed to load resource: net::ERR_BLOCKED_BY_CLIENT
12:54:56 [DEBUG] [browser console:error] Failed to load resource: net::ERR_BLOCKED_BY_CLIENT
12:54:56 [DEBUG] [browser console:error] Failed to load resource: net::ERR_BLOCKED_BY_CLIENT
12:54:56 [DEBUG] [browser console:error] Failed to load resource: net::ERR_BLOCKED_BY_CLIENT
12:54:56 [DEBUG] [browser console:error] Failed to load resource: net::ERR_BLOCKED_BY_CLIENT
12:54:56 [DEBUG] [browser console:error] Failed to load resource: net::ERR_BLOCKED_BY_CLIENT
12:54:56 [DEBUG] [browser console:error] Failed to load resource: net::ERR_BLOCKED_BY_CLIENT
12:54:56 [DEBUG] [browser console:error] Failed to load resource: net::ERR_BLOCKED_BY_CLIENT
12:54:57 [DEBUG] [browser console:error] Failed to load resource: net::ERR_BLOCKED_BY_CLIENT
12:54:57 [DEBUG] [browser console:error] Failed to load resource: net::ERR_BLOCKED_BY_CLIENT
12:54:57 [DEBUG] [browser console:error] Failed to load resource: net::ERR_BLOCKED_BY_CLIENT
12:54:57 [DEBUG] [browser console:error] Failed to load resource: net::ERR_BLOCKED_BY_CLIENT
12:54:57 [DEBUG] [browser console:error] Failed to load resource: net::ERR_BLOCKED_BY_CLIENT
12:54:57 [DEBUG] [browser console:error] Failed to load resource: net::ERR_BLOCKED_BY_CLIENT
12:54:57 [DEBUG] [browser console:error] Failed to load resource: net::ERR_BLOCKED_BY_CLIENT
12:54:57 [DEBUG] [browser console:error] Failed to load resource: net::ERR_BLOCKED_BY_CLIENT
12:54:57 [DEBUG] [browser console:error] Failed to load resource: net::ERR_BLOCKED_BY_CLIENT
12:54:58 [DEBUG] [browser console:error] Failed to load resource: net::ERR_BLOCKED_BY_CLIENT
12:54:58 [DEBUG] [browser console:error] Failed to load resource: net::ERR_BLOCKED_BY_CLIENT
12:54:58 [DEBUG] [browser console:error] Failed to load resource: net::ERR_BLOCKED_BY_CLIENT
12:54:58 [DEBUG] [browser console:error] Failed to load resource: net::ERR_BLOCKED_BY_CLIENT
12:54:58 [DEBUG] [browser console:error] Failed to load resource: net::ERR_BLOCKED_BY_CLIENT
12:54:58 [DEBUG] [browser console:error] Failed to load resource: net::ERR_BLOCKED_BY_CLIENT
12:54:58 [DEBUG] [browser console:error] Failed to load resource: net::ERR_BLOCKED_BY_CLIENT
12:54:58 [DEBUG] [browser console:error] Failed to load resource: net::ERR_BLOCKED_BY_CLIENT
12:54:58 [DEBUG] [browser console:error] Failed to load resource: net::ERR_BLOCKED_BY_CLIENT
12:54:59 [DEBUG] [browser console:error] Failed to load resource: net::ERR_BLOCKED_BY_CLIENT
12:54:59 [DEBUG] [browser console:error] Failed to load resource: net::ERR_BLOCKED_BY_CLIENT
12:54:59 [DEBUG] [browser console:error] Failed to load resource: net::ERR_BLOCKED_BY_CLIENT
12:54:59 [DEBUG] [browser console:error] Failed to load resource: net::ERR_BLOCKED_BY_CLIENT
12:54:59 [DEBUG] [browser console:error] Failed to load resource: net::ERR_BLOCKED_BY_CLIENT
12:54:59 [DEBUG] [browser console:error] Failed to load resource: net::ERR_BLOCKED_BY_CLIENT
12:54:59 [DEBUG] [browser console:error] Failed to load resource: net::ERR_BLOCKED_BY_CLIENT
12:54:59 [DEBUG] [browser console:error] Failed to load resource: net::ERR_BLOCKED_BY_CLIENT
12:54:59 [DEBUG] [browser console:error] Failed to load resource: net::ERR_BLOCKED_BY_CLIENT
12:54:59 [DEBUG] [browser console:error] Failed to load resource: net::ERR_BLOCKED_BY_CLIENT
12:55:00 [DEBUG] [browser console:error] Failed to load resource: net::ERR_BLOCKED_BY_CLIENT
12:55:00 [DEBUG] [browser console:error] Failed to load resource: net::ERR_BLOCKED_BY_CLIENT
12:55:00 [DEBUG] [browser console:error] Failed to load resource: net::ERR_BLOCKED_BY_CLIENT
12:55:00 [DEBUG] [browser console:error] Failed to load resource: net::ERR_BLOCKED_BY_CLIENT
12:55:00 [DEBUG] [browser console:error] Failed to load resource: net::ERR_BLOCKED_BY_CLIENT
12:55:00 [DEBUG] [browser console:error] Failed to load resource: net::ERR_BLOCKED_BY_CLIENT
12:55:00 [DEBUG] [browser console:error] Failed to load resource: net::ERR_BLOCKED_BY_CLIENT
12:55:00 [DEBUG] [browser console:error] Failed to load resource: net::ERR_BLOCKED_BY_CLIENT
12:55:00 [DEBUG] [browser console:error] Failed to load resource: net::ERR_BLOCKED_BY_CLIENT
12:55:01 [DEBUG] [browser console:error] Failed to load resource: net::ERR_BLOCKED_BY_CLIENT
12:55:01 [DEBUG] [browser console:error] Failed to load resource: net::ERR_BLOCKED_BY_CLIENT
12:55:01 [DEBUG] [browser console:error] Failed to load resource: net::ERR_BLOCKED_BY_CLIENT
12:55:01 [DEBUG] [browser console:error] Failed to load resource: net::ERR_BLOCKED_BY_CLIENT
12:55:01 [DEBUG] [browser console:error] Failed to load resource: net::ERR_BLOCKED_BY_CLIENT
12:55:01 [DEBUG] [browser console:error] Failed to load resource: net::ERR_BLOCKED_BY_CLIENT
12:55:01 [DEBUG] [browser console:error] Failed to load resource: net::ERR_BLOCKED_BY_CLIENT
12:55:01 [DEBUG] [browser console:error] Failed to load resource: net::ERR_BLOCKED_BY_CLIENT
12:55:01 [DEBUG] [browser console:error] Failed to load resource: net::ERR_BLOCKED_BY_CLIENT
12:55:01 [DEBUG] [browser console:error] Failed to load resource: net::ERR_BLOCKED_BY_CLIENT
12:55:02 [DEBUG] [browser console:error] Failed to load resource: net::ERR_BLOCKED_BY_CLIENT
12:55:02 [DEBUG] [browser console:error] Failed to load resource: net::ERR_BLOCKED_BY_CLIENT
12:55:02 [DEBUG] [browser console:error] Failed to load resource: net::ERR_BLOCKED_BY_CLIENT
12:55:02 [DEBUG] [browser console:error] Failed to load resource: net::ERR_BLOCKED_BY_CLIENT
12:55:02 [DEBUG] [browser console:error] Failed to load resource: net::ERR_BLOCKED_BY_CLIENT
12:55:02 [DEBUG] [browser console:error] Failed to load resource: net::ERR_BLOCKED_BY_CLIENT
12:55:02 [DEBUG] [browser console:error] Failed to load resource: net::ERR_BLOCKED_BY_CLIENT
12:55:02 [DEBUG] [browser console:error] Failed to load resource: net::ERR_BLOCKED_BY_CLIENT
12:55:02 [DEBUG] [browser console:error] Failed to load resource: net::ERR_BLOCKED_BY_CLIENT
12:55:03 [DEBUG] [browser console:error] Failed to load resource: net::ERR_BLOCKED_BY_CLIENT
12:55:03 [DEBUG] [browser console:error] Failed to load resource: net::ERR_BLOCKED_BY_CLIENT
12:55:03 [DEBUG] [browser console:error] Failed to load resource: net::ERR_BLOCKED_BY_CLIENT
12:55:03 [DEBUG] [browser console:error] Failed to load resource: net::ERR_BLOCKED_BY_CLIENT
12:55:03 [DEBUG] [browser console:error] Failed to load resource: net::ERR_BLOCKED_BY_CLIENT
12:55:03 [DEBUG] [browser console:error] Failed to load resource: net::ERR_BLOCKED_BY_CLIENT
12:55:03 [DEBUG] [browser console:error] Failed to load resource: net::ERR_BLOCKED_BY_CLIENT
12:55:03 [DEBUG] [browser console:error] Failed to load resource: net::ERR_BLOCKED_BY_CLIENT
12:55:03 [DEBUG] [browser console:error] Failed to load resource: net::ERR_BLOCKED_BY_CLIENT
12:55:04 [DEBUG] [browser console:error] Failed to load resource: net::ERR_BLOCKED_BY_CLIENT
12:55:04 [DEBUG] [browser console:error] Failed to load resource: net::ERR_BLOCKED_BY_CLIENT
12:55:04 [DEBUG] [browser console:error] Failed to load resource: net::ERR_BLOCKED_BY_CLIENT
12:55:04 [DEBUG] [browser console:error] Failed to load resource: net::ERR_BLOCKED_BY_CLIENT
12:55:04 [DEBUG] [browser console:error] Failed to load resource: net::ERR_BLOCKED_BY_CLIENT
12:55:04 [DEBUG] [browser console:error] Failed to load resource: net::ERR_BLOCKED_BY_CLIENT
12:55:04 [DEBUG] [browser console:error] Failed to load resource: net::ERR_BLOCKED_BY_CLIENT
12:55:04 [DEBUG] [browser console:error] Failed to load resource: net::ERR_BLOCKED_BY_CLIENT
12:55:04 [DEBUG] [browser console:error] Failed to load resource: net::ERR_BLOCKED_BY_CLIENT
12:55:05 [DEBUG] [browser console:error] Failed to load resource: net::ERR_BLOCKED_BY_CLIENT
12:55:05 [DEBUG] [browser console:error] Failed to load resource: net::ERR_BLOCKED_BY_CLIENT
12:55:05 [DEBUG] [browser console:error] Failed to load resource: net::ERR_BLOCKED_BY_CLIENT
12:55:05 [DEBUG] [browser console:error] Failed to load resource: net::ERR_BLOCKED_BY_CLIENT
12:55:05 [DEBUG] [browser console:error] Failed to load resource: net::ERR_BLOCKED_BY_CLIENT
12:55:05 [DEBUG] [browser console:error] Failed to load resource: net::ERR_BLOCKED_BY_CLIENT
12:55:05 [DEBUG] [browser console:error] Failed to load resource: net::ERR_BLOCKED_BY_CLIENT
12:55:05 [DEBUG] [browser console:error] Failed to load resource: net::ERR_BLOCKED_BY_CLIENT
12:55:05 [DEBUG] [browser console:error] Failed to load resource: net::ERR_BLOCKED_BY_CLIENT
12:55:05 [DEBUG] [browser console:error] Failed to load resource: net::ERR_BLOCKED_BY_CLIENT
12:55:06 [DEBUG] [browser console:error] Failed to load resource: net::ERR_BLOCKED_BY_CLIENT
12:55:06 [DEBUG] [browser console:error] Failed to load resource: net::ERR_BLOCKED_BY_CLIENT
12:55:06 [DEBUG] [browser console:error] Failed to load resource: net::ERR_BLOCKED_BY_CLIENT
12:55:06 [DEBUG] [browser console:error] Failed to load resource: net::ERR_BLOCKED_BY_CLIENT
12:55:06 [DEBUG] [browser console:error] Failed to load resource: net::ERR_BLOCKED_BY_CLIENT
12:55:06 [DEBUG] [browser console:error] Failed to load resource: net::ERR_BLOCKED_BY_CLIENT
12:55:06 [DEBUG] [browser console:error] Failed to load resource: net::ERR_BLOCKED_BY_CLIENT
12:55:06 [DEBUG] [browser console:error] Failed to load resource: net::ERR_BLOCKED_BY_CLIENT
12:55:06 [DEBUG] [browser console:error] Failed to load resource: net::ERR_BLOCKED_BY_CLIENT
12:55:07 [DEBUG] [browser console:error] Failed to load resource: net::ERR_BLOCKED_BY_CLIENT
12:55:07 [DEBUG] [browser console:error] Failed to load resource: net::ERR_BLOCKED_BY_CLIENT
12:55:07 [DEBUG] [browser console:error] Failed to load resource: net::ERR_BLOCKED_BY_CLIENT
12:55:07 [DEBUG] [browser console:error] Failed to load resource: net::ERR_BLOCKED_BY_CLIENT
12:55:07 [DEBUG] [browser console:error] Failed to load resource: net::ERR_BLOCKED_BY_CLIENT
12:55:07 [DEBUG] [browser console:error] Failed to load resource: net::ERR_BLOCKED_BY_CLIENT
12:55:07 [DEBUG] [browser console:error] Failed to load resource: net::ERR_BLOCKED_BY_CLIENT
12:55:07 [DEBUG] [browser console:error] Failed to load resource: net::ERR_BLOCKED_BY_CLIENT
12:55:07 [DEBUG] [browser console:error] Failed to load resource: net::ERR_BLOCKED_BY_CLIENT
12:55:08 [DEBUG] [browser console:error] Failed to load resource: net::ERR_BLOCKED_BY_CLIENT
12:55:08 [DEBUG] [browser console:error] Failed to load resource: net::ERR_BLOCKED_BY_CLIENT
12:55:08 [DEBUG] [browser console:error] Failed to load resource: net::ERR_BLOCKED_BY_CLIENT
12:55:08 [DEBUG] [browser console:error] Failed to load resource: net::ERR_BLOCKED_BY_CLIENT
12:55:08 [DEBUG] [browser console:error] Failed to load resource: net::ERR_BLOCKED_BY_CLIENT
12:55:08 [DEBUG] [browser console:error] Failed to load resource: net::ERR_BLOCKED_BY_CLIENT
12:55:08 [DEBUG] [browser console:error] Failed to load resource: net::ERR_BLOCKED_BY_CLIENT
12:55:08 [DEBUG] [browser console:error] Failed to load resource: net::ERR_BLOCKED_BY_CLIENT
12:55:08 [DEBUG] [browser console:error] Failed to load resource: net::ERR_BLOCKED_BY_CLIENT
12:55:08 [DEBUG] [browser console:error] Failed to load resource: net::ERR_BLOCKED_BY_CLIENT
12:55:09 [DEBUG] [browser console:error] Failed to load resource: net::ERR_BLOCKED_BY_CLIENT
12:55:09 [DEBUG] [browser console:error] Failed to load resource: net::ERR_BLOCKED_BY_CLIENT
12:55:09 [DEBUG] [browser console:error] Failed to load resource: net::ERR_BLOCKED_BY_CLIENT
12:55:09 [DEBUG] [browser console:error] Failed to load resource: net::ERR_BLOCKED_BY_CLIENT
12:55:09 [DEBUG] [browser console:error] Failed to load resource: net::ERR_BLOCKED_BY_CLIENT
12:55:09 [DEBUG] [browser console:error] Failed to load resource: net::ERR_BLOCKED_BY_CLIENT
12:55:09 [DEBUG] [browser console:error] Failed to load resource: net::ERR_BLOCKED_BY_CLIENT
12:55:09 [DEBUG] [browser console:error] Failed to load resource: net::ERR_BLOCKED_BY_CLIENT
12:55:09 [DEBUG] [browser console:error] Failed to load resource: net::ERR_BLOCKED_BY_CLIENT
12:55:10 [DEBUG] [browser console:error] Failed to load resource: net::ERR_BLOCKED_BY_CLIENT
12:55:10 [DEBUG] [browser console:error] Failed to load resource: net::ERR_BLOCKED_BY_CLIENT
12:55:10 [DEBUG] [browser console:error] Failed to load resource: net::ERR_BLOCKED_BY_CLIENT
12:55:10 [DEBUG] [browser console:error] Failed to load resource: net::ERR_BLOCKED_BY_CLIENT
12:55:10 [DEBUG] [browser console:error] Failed to load resource: net::ERR_BLOCKED_BY_CLIENT
12:55:10 [DEBUG] [browser console:error] Failed to load resource: net::ERR_BLOCKED_BY_CLIENT
12:55:10 [DEBUG] [browser console:error] Failed to load resource: net::ERR_BLOCKED_BY_CLIENT
12:55:10 [DEBUG] [browser console:error] Failed to load resource: net::ERR_BLOCKED_BY_CLIENT
12:55:10 [DEBUG] [browser console:error] Failed to load resource: net::ERR_BLOCKED_BY_CLIENT
12:55:11 [DEBUG] [browser console:error] Failed to load resource: net::ERR_BLOCKED_BY_CLIENT
12:55:11 [DEBUG] [browser console:error] Failed to load resource: net::ERR_BLOCKED_BY_CLIENT
12:55:11 [DEBUG] [browser console:error] Failed to load resource: net::ERR_BLOCKED_BY_CLIENT
12:55:11 [DEBUG] [browser console:error] Failed to load resource: net::ERR_BLOCKED_BY_CLIENT
12:55:11 [DEBUG] [browser console:error] Failed to load resource: net::ERR_BLOCKED_BY_CLIENT
12:55:11 [DEBUG] [browser console:error] Failed to load resource: net::ERR_BLOCKED_BY_CLIENT
12:55:11 [DEBUG] [browser console:error] Failed to load resource: net::ERR_BLOCKED_BY_CLIENT
12:55:11 [DEBUG] [browser console:error] Failed to load resource: net::ERR_BLOCKED_BY_CLIENT
12:55:11 [DEBUG] [browser console:error] Failed to load resource: net::ERR_BLOCKED_BY_CLIENT
12:55:12 [DEBUG] [browser console:error] Failed to load resource: net::ERR_BLOCKED_BY_CLIENT
12:55:12 [DEBUG] [browser console:error] Failed to load resource: net::ERR_BLOCKED_BY_CLIENT
12:55:12 [DEBUG] [browser console:error] Failed to load resource: net::ERR_BLOCKED_BY_CLIENT
12:55:12 [DEBUG] [browser console:error] Failed to load resource: net::ERR_BLOCKED_BY_CLIENT
12:55:12 [DEBUG] [browser console:error] Failed to load resource: net::ERR_BLOCKED_BY_CLIENT
12:55:12 [DEBUG] [browser console:error] Failed to load resource: net::ERR_BLOCKED_BY_CLIENT
12:55:12 [DEBUG] [browser console:error] Failed to load resource: net::ERR_BLOCKED_BY_CLIENT
12:55:12 [DEBUG] [browser console:error] Failed to load resource: net::ERR_BLOCKED_BY_CLIENT
12:55:12 [DEBUG] [browser console:error] Failed to load resource: net::ERR_BLOCKED_BY_CLIENT
12:55:12 [DEBUG] [browser console:error] Failed to load resource: net::ERR_BLOCKED_BY_CLIENT
12:55:13 [DEBUG] [browser console:error] Failed to load resource: net::ERR_BLOCKED_BY_CLIENT
12:55:13 [DEBUG] [browser console:error] Failed to load resource: net::ERR_BLOCKED_BY_CLIENT
12:55:13 [DEBUG] [browser console:error] Failed to load resource: net::ERR_BLOCKED_BY_CLIENT
12:55:13 [DEBUG] [browser console:error] Failed to load resource: net::ERR_BLOCKED_BY_CLIENT
12:55:13 [DEBUG] [browser console:error] Failed to load resource: net::ERR_BLOCKED_BY_CLIENT
12:55:13 [DEBUG] [browser console:error] Failed to load resource: net::ERR_BLOCKED_BY_CLIENT
12:55:13 [DEBUG] [browser console:error] Failed to load resource: net::ERR_BLOCKED_BY_CLIENT
12:55:13 [DEBUG] [browser console:error] Failed to load resource: net::ERR_BLOCKED_BY_CLIENT
12:55:13 [DEBUG] [browser console:error] Failed to load resource: net::ERR_BLOCKED_BY_CLIENT
12:55:14 [DEBUG] [browser console:error] Failed to load resource: net::ERR_BLOCKED_BY_CLIENT
12:55:14 [DEBUG] [browser console:error] Failed to load resource: net::ERR_BLOCKED_BY_CLIENT
12:55:14 [WARNING] No job cards appeared within the timeout -- the results list may not have loaded, or LinkedIn's markup has changed. Continuing anyway; check the screenshot.
12:55:14 [INFO] --- Scraping job results, page 1 ---
12:55:14 [DEBUG] No known results-container selector matched -- scrolling the whole page instead.
12:55:15 [DEBUG] [browser console:error] Failed to load resource: net::ERR_BLOCKED_BY_CLIENT
12:55:15 [DEBUG] [browser console:error] Failed to load resource: net::ERR_BLOCKED_BY_CLIENT
12:55:15 [DEBUG] [browser console:error] Failed to load resource: net::ERR_BLOCKED_BY_CLIENT
12:55:15 [DEBUG] [browser console:error] Failed to load resource: net::ERR_BLOCKED_BY_CLIENT
12:55:15 [DEBUG] [browser console:error] Failed to load resource: net::ERR_BLOCKED_BY_CLIENT
12:55:15 [DEBUG] [browser console:error] Failed to load resource: net::ERR_BLOCKED_BY_CLIENT
12:55:15 [DEBUG] [browser console:error] Failed to load resource: net::ERR_BLOCKED_BY_CLIENT
12:55:15 [DEBUG] [browser console:error] Failed to load resource: net::ERR_BLOCKED_BY_CLIENT
12:55:15 [DEBUG] [browser console:error] Failed to load resource: net::ERR_BLOCKED_BY_CLIENT
12:55:15 [DEBUG] [browser console:error] Failed to load resource: net::ERR_BLOCKED_BY_CLIENT
12:55:15 [DEBUG] [browser console:error] Failed to load resource: net::ERR_BLOCKED_BY_CLIENT
12:55:15 [DEBUG] [browser console:error] Failed to load resource: net::ERR_BLOCKED_BY_CLIENT
12:55:16 [DEBUG] [browser console:error] Failed to load resource: net::ERR_BLOCKED_BY_CLIENT
12:55:16 [DEBUG] [browser console:error] Failed to load resource: net::ERR_BLOCKED_BY_CLIENT
12:55:16 [DEBUG] [browser console:error] Failed to load resource: net::ERR_BLOCKED_BY_CLIENT
12:55:16 [DEBUG] [browser console:error] Failed to load resource: net::ERR_BLOCKED_BY_CLIENT
12:55:16 [DEBUG] [browser console:error] Failed to load resource: net::ERR_BLOCKED_BY_CLIENT
12:55:16 [DEBUG] [browser console:error] Failed to load resource: net::ERR_BLOCKED_BY_CLIENT
12:55:16 [DEBUG] [browser console:error] Failed to load resource: net::ERR_BLOCKED_BY_CLIENT
12:55:16 [DEBUG] [browser console:error] Failed to load resource: net::ERR_BLOCKED_BY_CLIENT
12:55:16 [DEBUG] [browser console:error] Failed to load resource: net::ERR_BLOCKED_BY_CLIENT
12:55:16 [DEBUG] [browser console:error] Failed to load resource: net::ERR_BLOCKED_BY_CLIENT
12:55:16 [DEBUG] [browser console:error] Failed to load resource: net::ERR_BLOCKED_BY_CLIENT
12:55:16 [DEBUG] Job list stable at 0 card(s) after 2 scroll(s).
12:55:16 [WARNING] No job cards found on the page with any known selector -- LinkedIn may have changed its markup, or the results haven't loaded yet. Check a screenshot.
12:55:16 [INFO] Page 1: 0 listing(s) on screen, 0 new compan(ies) saved (total so far: 0)
12:55:16 [INFO] No next page found -- reached the end of the results.
12:55:16 [INFO] Done. Saved 0 unique compan(ies) to run_output\companies.txt
12:55:16 [INFO] Step 9 OK (26.51s) -- now at https://www.linkedin.com/jobs/
12:55:16 [DEBUG] [browser console:error] Failed to load resource: net::ERR_BLOCKED_BY_CLIENT
12:55:16 [DEBUG] Saved screenshot: run_output\screenshots\step_8_scrape_job_companies.png
12:55:16 [DEBUG] Requesting AI description of screenshot from Ollama...
12:55:21 [INFO] Saved results to run_output\results.json
12:55:21 [INFO] === Run complete: 8 passed, 1 failed, out of 9 ===
12:55:21 [INFO] Failed step(s):
12:55:21 [INFO]   step 5 (search_linkedin_jobs): [RuntimeError] Could not find the LinkedIn jobs search box with any known selector (tried: ["input[aria-label='Search by title, skill, or company']", "input[aria-label='Search job titles or companies']", 'input.jobs-search-box__text-input', '#job-search-bar-keywords']). LinkedIn may have changed its markup -- check the most recent screenshot to see what the page actually looks like, then add the real selector to JOB_SEARCH_BOX_SELECTORS.
12:55:21 [INFO] Full tracebacks for the above are in run_output\run.log -- search for 'FAILED' or the step number.
12:55:21 [INFO] Closing browser.
12:55:21 [DEBUG] [browser console:error] Failed to load resource: net::ERR_BLOCKED_BY_CLIENT
12:55:21 [DEBUG] [browser console:error] Failed to load resource: net::ERR_BLOCKED_BY_CLIENT
12:55:21 [DEBUG] [browser console:error] Failed to load resource: net::ERR_BLOCKED_BY_CLIENT
12:55:21 [DEBUG] [browser console:error] Failed to load resource: net::ERR_BLOCKED_BY_CLIENT
12:55:21 [DEBUG] [browser console:error] Failed to load resource: net::ERR_BLOCKED_BY_CLIENT
12:55:21 [DEBUG] [browser console:error] Failed to load resource: net::ERR_BLOCKED_BY_CLIENT
12:55:21 [DEBUG] [browser console:error] Failed to load resource: net::ERR_BLOCKED_BY_CLIENT
12:55:21 [DEBUG] [browser console:error] Failed to load resource: net::ERR_BLOCKED_BY_CLIENT
12:55:21 [DEBUG] [browser console:error] Failed to load resource: net::ERR_BLOCKED_BY_CLIENT
12:55:21 [DEBUG] [browser console:error] Failed to load resource: net::ERR_BLOCKED_BY_CLIENT
12:55:21 [DEBUG] [browser console:error] Failed to load resource: net::ERR_BLOCKED_BY_CLIENT
12:55:21 [DEBUG] [browser console:error] Failed to load resource: net::ERR_BLOCKED_BY_CLIENT
12:55:21 [DEBUG] [browser console:error] Failed to load resource: net::ERR_BLOCKED_BY_CLIENT
12:55:21 [DEBUG] [browser console:error] Failed to load resource: net::ERR_BLOCKED_BY_CLIENT
12:55:21 [DEBUG] [browser console:error] Failed to load resource: net::ERR_BLOCKED_BY_CLIENT
12:55:21 [DEBUG] [browser console:error] Failed to load resource: net::ERR_BLOCKED_BY_CLIENT
12:55:21 [DEBUG] [browser console:error] Failed to load resource: net::ERR_BLOCKED_BY_CLIENT
12:55:21 [DEBUG] [browser console:error] Failed to load resource: net::ERR_BLOCKED_BY_CLIENT
12:55:21 [DEBUG] [browser console:error] Failed to load resource: net::ERR_BLOCKED_BY_CLIENT
12:55:21 [DEBUG] [browser console:error] Failed to load resource: net::ERR_BLOCKED_BY_CLIENT
12:55:21 [DEBUG] [browser console:error] Failed to load resource: net::ERR_BLOCKED_BY_CLIENT
12:55:21 [DEBUG] [browser console:error] Failed to load resource: net::ERR_BLOCKED_BY_CLIENT
12:55:21 [DEBUG] [browser console:error] Failed to load resource: net::ERR_BLOCKED_BY_CLIENT
12:55:21 [DEBUG] [browser console:error] Failed to load resource: net::ERR_BLOCKED_BY_CLIENT
12:55:21 [DEBUG] [browser console:error] Failed to load resource: net::ERR_BLOCKED_BY_CLIENT
12:55:21 [DEBUG] [browser console:error] Failed to load resource: net::ERR_BLOCKED_BY_CLIENT
12:55:21 [DEBUG] [browser console:error] Failed to load resource: net::ERR_BLOCKED_BY_CLIENT
12:55:21 [DEBUG] [browser console:error] Failed to load resource: net::ERR_BLOCKED_BY_CLIENT
12:55:21 [DEBUG] [browser console:error] Failed to load resource: net::ERR_BLOCKED_BY_CLIENT
12:55:21 [DEBUG] [browser console:error] Failed to load resource: net::ERR_BLOCKED_BY_CLIENT
12:55:21 [DEBUG] [browser console:error] Failed to load resource: net::ERR_BLOCKED_BY_CLIENT
12:55:21 [DEBUG] [browser console:error] Failed to load resource: net::ERR_BLOCKED_BY_CLIENT
12:55:21 [DEBUG] [browser console:error] Failed to load resource: net::ERR_BLOCKED_BY_CLIENT
12:55:21 [DEBUG] [browser console:error] Failed to load resource: net::ERR_BLOCKED_BY_CLIENT
12:55:21 [DEBUG] [browser console:error] Failed to load resource: net::ERR_BLOCKED_BY_CLIENT
12:55:21 [DEBUG] [browser console:error] Failed to load resource: net::ERR_BLOCKED_BY_CLIENT
12:55:21 [DEBUG] [browser console:error] Failed to load resource: net::ERR_BLOCKED_BY_CLIENT
12:55:21 [DEBUG] [browser console:error] Failed to load resource: net::ERR_BLOCKED_BY_CLIENT
12:55:21 [DEBUG] [browser console:error] Failed to load resource: net::ERR_BLOCKED_BY_CLIENT
12:55:21 [DEBUG] [browser console:error] Failed to load resource: net::ERR_BLOCKED_BY_CLIENT
12:55:21 [DEBUG] [browser console:error] Failed to load resource: net::ERR_BLOCKED_BY_CLIENT
12:55:21 [DEBUG] [browser console:error] Failed to load resource: net::ERR_BLOCKED_BY_CLIENT
